TypeCode,FreqCode,RefPeriodId,RefYear,RefMonth,Period,ReporterCode,ReporterISO,ReporterDesc,FlowCode,FlowDesc,PartnerCode,PartnerISO,PartnerDesc,Partner2Code,Partner2ISO,Partner2Desc,ClassificationCode,ClassificationSearchCode,IsOriginalClassification,CmdCode,CmdDesc,AggrLevel,IsLeaf,CustomsCode,CustomsDesc,MosCode,MotCode,MotDesc,QtyUnitCode,QtyUnitAbbr,Qty,IsQtyEstimated,AltQtyUnitCode,AltQtyUnitAbbr,AtlQty,IsAltQtyEstimated,NetWgt,IsNetWgtEstimated,GrossWgt,IsGrossWgtEstimated,Cifvalue,Fobvalue,PrimaryValue,LegacyEstimationFlag,IsReported,IsAggregate,Unnamed: 47
C,M,20160101,2016,1,201601,842,USA,USA,DX,Domestic Export,0,W00,World,0,W00,World,H4,HS,True,TOTAL,All Commodities,0,False,C00,TOTAL CPC,0,0,TOTAL MOT,-1,,0.0,False,-1,,0.0,False,0.0,True,0.0,False,0.0,91267425262.0,91267425262,4,False,True,
C,M,20160201,2016,2,201602,842,USA,USA,DX,Domestic Export,0,W00,World,0,W00,World,H4,HS,True,TOTAL,All Commodities,0,False,C00,TOTAL CPC,0,0,TOTAL MOT,-1,,0.0,False,-1,,0.0,False,0.0,True,0.0,False,0.0,95404541212.0,95404541212,4,False,True,
C,M,20160301,2016,3,201603,842,USA,USA,DX,Domestic Export,0,W00,World,0,W00,World,H4,HS,True,TOTAL,All Commodities,0,False,C00,TOTAL CPC,0,0,TOTAL MOT,-1,,0.0,False,-1,,0.0,False,0.0,True,0.0,False,0.0,106166485109.0,106166485109,4,False,True,
C,M,20160401,2016,4,201604,842,USA,USA,DX,Domestic Export,0,W00,World,0,W00,World,H4,HS,True,TOTAL,All Commodities,0,False,C00,TOTAL CPC,0,0,TOTAL MOT,-1,,0.0,False,-1,,0.0,False,0.0,True,0.0,False,0.0,100698747358.0,100698747358,4,False,True,
C,M,20160501,2016,5,201605,842,USA,USA,DX,Domestic Export,0,W00,World,0,W00,World,H4,HS,True,TOTAL,All Commodities,0,False,C00,TOTAL CPC,0,0,TOTAL MOT,-1,,0.0,False,-1,,0.0,False,0.0,True,0.0,False,0.0,102173706759.0,102173706759,4,False,True,
C,M,20160601,2016,6,201606,842,USA,USA,DX,Domestic Export,0,W00,World,0,W00,World,H4,HS,True,TOTAL,All Commodities,0,False,C00,TOTAL CPC,0,0,TOTAL MOT,-1,,0.0,False,-1,,0.0,False,0.0,True,0.0,False,0.0,104876946105.0,104876946105,4,False,True,
C,M,20160701,2016,7,201607,842,USA,USA,DX,Domestic Export,0,W00,World,0,W00,World,H4,HS,True,TOTAL,All Commodities,0,False,C00,TOTAL CPC,0,0,TOTAL MOT,-1,,0.0,False,-1,,0.0,False,0.0,True,0.0,False,0.0,97974271299.0,97974271299,4,False,True,
C,M,20160801,2016,8,201608,842,USA,USA,DX,Domestic Export,0,W00,World,0,W00,World,H4,HS,True,TOTAL,All Commodities,0,False,C00,TOTAL CPC,0,0,TOTAL MOT,-1,,0.0,False,-1,,0.0,False,0.0,True,0.0,False,0.0,104223790024.0,104223790024,4,False,True,
C,M,20160901,2016,9,201609,842,USA,USA,DX,Domestic Export,0,W00,World,0,W00,World,H4,HS,True,TOTAL,All Commodities,0,False,C00,TOTAL CPC,0,0,TOTAL MOT,-1,,0.0,False,-1,,0.0,False,0.0,True,0.0,False,0.0,104181124734.0,104181124734,4,False,True,
C,M,20161001,2016,10,201610,842,USA,USA,DX,Domestic Export,0,W00,World,0,W00,World,H4,HS,True,TOTAL,All Commodities,0,False,C00,TOTAL CPC,0,0,TOTAL MOT,-1,,0.0,False,-1,,0.0,False,0.0,True,0.0,False,0.0,109043698584.0,109043698584,4,False,True,
C,M,20161101,2016,11,201611,842,USA,USA,DX,Domestic Export,0,W00,World,0,W00,World,H4,HS,True,TOTAL,All Commodities,0,False,C00,TOTAL CPC,0,0,TOTAL MOT,-1,,0.0,False,-1,,0.0,False,0.0,True,0.0,False,0.0,103592062189.0,103592062189,4,False,True,
C,M,20161201,2016,12,201612,842,USA,USA,DX,Domestic Export,0,W00,World,0,W00,World,H4,HS,True,TOTAL,All Commodities,0,False,C00,TOTAL CPC,0,0,TOTAL MOT,-1,,0.0,False,-1,,0.0,False,0.0,True,0.0,False,0.0,107139702559.0,107139702559,4,False,True,
C,M,20170101,2017,1,201701,842,USA,USA,DX,Domestic Export,0,W00,World,0,W00,World,H5,HS,True,TOTAL,All Commodities,0,False,C00,TOTAL CPC,0,0,TOTAL MOT,-1,,0.0,False,-1,,0.0,False,0.0,True,0.0,False,0.0,99575209364.0,99575209364,4,False,True,
C,M,20170201,2017,2,201702,842,USA,USA,DX,Domestic Export,0,W00,World,0,W00,World,H5,HS,True,TOTAL,All Commodities,0,False,C00,TOTAL CPC,0,0,TOTAL MOT,-1,,0.0,False,-1,,0.0,False,0.0,True,0.0,False,0.0,100702326014.0,100702326014,4,False,True,
C,M,20170301,2017,3,201703,842,USA,USA,DX,Domestic Export,0,W00,World,0,W00,World,H5,HS,True,TOTAL,All Commodities,0,False,C00,TOTAL CPC,0,0,TOTAL MOT,-1,,0.0,False,-1,,0.0,False,0.0,True,0.0,False,0.0,114937502562.0,114937502562,4,False,True,
C,M,20170401,2017,4,201704,842,USA,USA,DX,Domestic Export,0,W00,World,0,W00,World,H5,HS,True,TOTAL,All Commodities,0,False,C00,TOTAL CPC,0,0,TOTAL MOT,-1,,0.0,False,-1,,0.0,False,0.0,True,0.0,False,0.0,105917404320.0,105917404320,4,False,True,
C,M,20170501,2017,5,201705,842,USA,USA,DX,Domestic Export,0,W00,World,0,W00,World,H5,HS,True,TOTAL,All Commodities,0,False,C00,TOTAL CPC,0,0,TOTAL MOT,-1,,0.0,False,-1,,0.0,False,0.0,True,0.0,False,0.0,108511635819.0,108511635819,4,False,True,
C,M,20170601,2017,6,201706,842,USA,USA,DX,Domestic Export,0,W00,World,0,W00,World,H5,HS,True,TOTAL,All Commodities,0,False,C00,TOTAL CPC,0,0,TOTAL MOT,-1,,0.0,False,-1,,0.0,False,0.0,True,0.0,False,0.0,110595382162.0,110595382162,4,False,True,
C,M,20170701,2017,7,201707,842,USA,USA,DX,Domestic Export,0,W00,World,0,W00,World,H5,HS,True,TOTAL,All Commodities,0,False,C00,TOTAL CPC,0,0,TOTAL MOT,-1,,0.0,False,-1,,0.0,False,0.0,True,0.0,False,0.0,103528105117.0,103528105117,4,False,True,
C,M,20170801,2017,8,201708,842,USA,USA,DX,Domestic Export,0,W00,World,0,W00,World,H5,HS,True,TOTAL,All Commodities,0,False,C00,TOTAL CPC,0,0,TOTAL MOT,-1,,0.0,False,-1,,0.0,False,0.0,True,0.0,False,0.0,109567155473.0,109567155473,4,False,True,
C,M,20170901,2017,9,201709,842,USA,USA,DX,Domestic Export,0,W00,World,0,W00,World,H5,HS,True,TOTAL,All Commodities,0,False,C00,TOTAL CPC,0,0,TOTAL MOT,-1,,0.0,False,-1,,0.0,False,0.0,True,0.0,False,0.0,109649392449.0,109649392449,4,False,True,
C,M,20171001,2017,10,201710,842,USA,USA,DX,Domestic Export,0,W00,World,0,W00,World,H5,HS,True,TOTAL,All Commodities,0,False,C00,TOTAL CPC,0,0,TOTAL MOT,-1,,0.0,False,-1,,0.0,False,0.0,True,0.0,False,0.0,115189987478.0,115189987478,4,False,True,
C,M,20171101,2017,11,201711,842,USA,USA,DX,Domestic Export,0,W00,World,0,W00,World,H5,HS,True,TOTAL,All Commodities,0,False,C00,TOTAL CPC,0,0,TOTAL MOT,-1,,0.0,False,-1,,0.0,False,0.0,True,0.0,False,0.0,114126000242.0,114126000242,4,False,True,
C,M,20171201,2017,12,201712,842,USA,USA,DX,Domestic Export,0,W00,World,0,W00,World,H5,HS,True,TOTAL,All Commodities,0,False,C00,TOTAL CPC,0,0,TOTAL MOT,-1,,0.0,False,-1,,0.0,False,0.0,True,0.0,False,0.0,115110501406.0,115110501406,4,False,True,
C,M,20180101,2018,1,201801,842,USA,USA,DX,Domestic Export,0,W00,World,0,W00,World,H5,HS,True,TOTAL,All Commodities,0,False,C00,TOTAL CPC,0,0,TOTAL MOT,-1,,0.0,False,-1,,0.0,False,0.0,True,0.0,False,0.0,104544366130.0,104544366130,4,False,True,
C,M,20180201,2018,2,201802,842,USA,USA,DX,Domestic Export,0,W00,World,0,W00,World,H5,HS,True,TOTAL,All Commodities,0,False,C00,TOTAL CPC,0,0,TOTAL MOT,-1,,0.0,False,-1,,0.0,False,0.0,True,0.0,False,0.0,108365536373.0,108365536373,4,False,True,
C,M,20180301,2018,3,201803,842,USA,USA,DX,Domestic Export,0,W00,World,0,W00,World,H5,HS,True,TOTAL,All Commodities,0,False,C00,TOTAL CPC,0,0,TOTAL MOT,-1,,0.0,False,-1,,0.0,False,0.0,True,0.0,False,0.0,127695789071.0,127695789071,4,False,True,
C,M,20180401,2018,4,201804,842,USA,USA,DX,Domestic Export,0,W00,World,0,W00,World,H5,HS,True,TOTAL,All Commodities,0,False,C00,TOTAL CPC,0,0,TOTAL MOT,-1,,0.0,False,-1,,0.0,False,0.0,True,0.0,False,0.0,117618251911.0,117618251911,4,False,True,
C,M,20180501,2018,5,201805,842,USA,USA,DX,Domestic Export,0,W00,World,0,W00,World,H5,HS,True,TOTAL,All Commodities,0,False,C00,TOTAL CPC,0,0,TOTAL MOT,-1,,0.0,False,-1,,0.0,False,0.0,True,0.0,False,0.0,124001855393.0,124001855393,4,False,True,
C,M,20180601,2018,6,201806,842,USA,USA,DX,Domestic Export,0,W00,World,0,W00,World,H5,HS,True,TOTAL,All Commodities,0,False,C00,TOTAL CPC,0,0,TOTAL MOT,-1,,0.0,False,-1,,0.0,False,0.0,True,0.0,False,0.0,122644264856.0,122644264856,4,False,True,
C,M,20180701,2018,7,201807,842,USA,USA,DX,Domestic Export,0,W00,World,0,W00,World,H5,HS,True,TOTAL,All Commodities,0,False,C00,TOTAL CPC,0,0,TOTAL MOT,-1,,0.0,False,-1,,0.0,False,0.0,True,0.0,False,0.0,114182484857.0,114182484857,4,False,True,
C,M,20180801,2018,8,201808,842,USA,USA,DX,Domestic Export,0,W00,World,0,W00,World,H5,HS,True,TOTAL,All Commodities,0,False,C00,TOTAL CPC,0,0,TOTAL MOT,-1,,0.0,False,-1,,0.0,False,0.0,True,0.0,False,0.0,119594865911.0,119594865911,4,False,True,
C,M,20180901,2018,9,201809,842,USA,USA,DX,Domestic Export,0,W00,World,0,W00,World,H5,HS,True,TOTAL,All Commodities,0,False,C00,TOTAL CPC,0,0,TOTAL MOT,-1,,0.0,False,-1,,0.0,False,0.0,True,0.0,False,0.0,118278391909.0,118278391909,4,False,True,
C,M,20181001,2018,10,201810,842,USA,USA,DX,Domestic Export,0,W00,World,0,W00,World,H5,HS,True,TOTAL,All Commodities,0,False,C00,TOTAL CPC,0,0,TOTAL MOT,-1,,0.0,False,-1,,0.0,False,0.0,True,0.0,False,0.0,123986084480.0,123986084480,4,False,True,
C,M,20181101,2018,11,201811,842,USA,USA,DX,Domestic Export,0,W00,World,0,W00,World,H5,HS,True,TOTAL,All Commodities,0,False,C00,TOTAL CPC,0,0,TOTAL MOT,-1,,0.0,False,-1,,0.0,False,0.0,True,0.0,False,0.0,117665059019.0,117665059019,4,False,True,
C,M,20181201,2018,12,201812,842,USA,USA,DX,Domestic Export,0,W00,World,0,W00,World,H5,HS,True,TOTAL,All Commodities,0,False,C00,TOTAL CPC,0,0,TOTAL MOT,-1,,0.0,False,-1,,0.0,False,0.0,True,0.0,False,0.0,114676640087.0,114676640087,4,False,True,
C,M,20190101,2019,1,201901,842,USA,USA,DX,Domestic Export,0,W00,World,0,W00,World,H5,HS,True,TOTAL,All Commodities,0,False,C00,TOTAL CPC,0,0,TOTAL MOT,-1,,0.0,False,-1,,0.0,False,0.0,True,0.0,False,0.0,108707745064.0,108707745064,4,False,True,
C,M,20190201,2019,2,201902,842,USA,USA,DX,Domestic Export,0,W00,World,0,W00,World,H5,HS,True,TOTAL,All Commodities,0,False,C00,TOTAL CPC,0,0,TOTAL MOT,-1,,0.0,False,-1,,0.0,False,0.0,True,0.0,False,0.0,110573468698.0,110573468698,4,False,True,
C,M,20190301,2019,3,201903,842,USA,USA,DX,Domestic Export,0,W00,World,0,W00,World,H5,HS,True,TOTAL,All Commodities,0,False,C00,TOTAL CPC,0,0,TOTAL MOT,-1,,0.0,False,-1,,0.0,False,0.0,True,0.0,False,0.0,125734366023.0,125734366023,4,False,True,
C,M,20190401,2019,4,201904,842,USA,USA,DX,Domestic Export,0,W00,World,0,W00,World,H5,HS,True,TOTAL,All Commodities,0,False,C00,TOTAL CPC,0,0,TOTAL MOT,-1,,0.0,False,-1,,0.0,False,0.0,True,0.0,False,0.0,114718522624.0,114718522624,4,False,True,
C,M,20190501,2019,5,201905,842,USA,USA,DX,Domestic Export,0,W00,World,0,W00,World,H5,HS,True,TOTAL,All Commodities,0,False,C00,TOTAL CPC,0,0,TOTAL MOT,-1,,0.0,False,-1,,0.0,False,0.0,True,0.0,False,0.0,120822569965.0,120822569965,4,False,True,
C,M,20190601,2019,6,201906,842,USA,USA,DX,Domestic Export,0,W00,World,0,W00,World,H5,HS,True,TOTAL,All Commodities,0,False,C00,TOTAL CPC,0,0,TOTAL MOT,-1,,0.0,False,-1,,0.0,False,0.0,True,0.0,False,0.0,116278547267.0,116278547267,4,False,True,
C,M,20190701,2019,7,201907,842,USA,USA,DX,Domestic Export,0,W00,World,0,W00,World,H5,HS,True,TOTAL,All Commodities,0,False,C00,TOTAL CPC,0,0,TOTAL MOT,-1,,0.0,False,-1,,0.0,False,0.0,True,0.0,False,0.0,112780636331.0,112780636331,4,False,True,
C,M,20190801,2019,8,201908,842,USA,USA,DX,Domestic Export,0,W00,World,0,W00,World,H5,HS,True,TOTAL,All Commodities,0,False,C00,TOTAL CPC,0,0,TOTAL MOT,-1,,0.0,False,-1,,0.0,False,0.0,True,0.0,False,0.0,118158492767.0,118158492767,4,False,True,
C,M,20190901,2019,9,201909,842,USA,USA,DX,Domestic Export,0,W00,World,0,W00,World,H5,HS,True,TOTAL,All Commodities,0,False,C00,TOTAL CPC,0,0,TOTAL MOT,-1,,0.0,False,-1,,0.0,False,0.0,True,0.0,False,0.0,113827937170.0,113827937170,4,False,True,
C,M,20191001,2019,10,201910,842,USA,USA,DX,Domestic Export,0,W00,World,0,W00,World,H5,HS,True,TOTAL,All Commodities,0,False,C00,TOTAL CPC,0,0,TOTAL MOT,-1,,0.0,False,-1,,0.0,False,0.0,True,0.0,False,0.0,120628690795.0,120628690795,4,False,True,
C,M,20191101,2019,11,201911,842,USA,USA,DX,Domestic Export,0,W00,World,0,W00,World,H5,HS,True,TOTAL,All Commodities,0,False,C00,TOTAL CPC,0,0,TOTAL MOT,-1,,0.0,False,-1,,0.0,False,0.0,True,0.0,False,0.0,116243654354.0,116243654354,4,False,True,
C,M,20191201,2019,12,201912,842,USA,USA,DX,Domestic Export,0,W00,World,0,W00,World,H5,HS,True,TOTAL,All Commodities,0,False,C00,TOTAL CPC,0,0,TOTAL MOT,-1,,0.0,False,-1,,0.0,False,0.0,True,0.0,False,0.0,115987911226.0,115987911226,4,False,True,
C,M,20200101,2020,1,202001,842,USA,USA,DX,Domestic Export,0,W00,World,0,W00,World,H5,HS,True,TOTAL,All Commodities,0,False,C00,TOTAL CPC,0,0,TOTAL MOT,-1,,0.0,False,-1,,0.0,False,0.0,True,0.0,False,0.0,109322421446.0,109322421446,4,False,True,
C,M,20200201,2020,2,202002,842,USA,USA,DX,Domestic Export,0,W00,World,0,W00,World,H5,HS,True,TOTAL,All Commodities,0,False,C00,TOTAL CPC,0,0,TOTAL MOT,-1,,0.0,False,-1,,0.0,False,0.0,True,0.0,False,0.0,112609581233.0,112609581233,4,False,True,
C,M,20200301,2020,3,202003,842,USA,USA,DX,Domestic Export,0,W00,World,0,W00,World,H5,HS,True,TOTAL,All Commodities,0,False,C00,TOTAL CPC,0,0,TOTAL MOT,-1,,0.0,False,-1,,0.0,False,0.0,True,0.0,False,0.0,115111200778.0,115111200778,4,False,True,
C,M,20200401,2020,4,202004,842,USA,USA,DX,Domestic Export,0,W00,World,0,W00,World,H5,HS,True,TOTAL,All Commodities,0,False,C00,TOTAL CPC,0,0,TOTAL MOT,-1,,0.0,False,-1,,0.0,False,0.0,True,0.0,False,0.0,81615126251.0,81615126251,4,False,True,
C,M,20200501,2020,5,202005,842,USA,USA,DX,Domestic Export,0,W00,World,0,W00,World,H5,HS,True,TOTAL,All Commodities,0,False,C00,TOTAL CPC,0,0,TOTAL MOT,-1,,0.0,False,-1,,0.0,False,0.0,True,0.0,False,0.0,77434746962.0,77434746962,4,False,True,
C,M,20200601,2020,6,202006,842,USA,USA,DX,Domestic Export,0,W00,World,0,W00,World,H5,HS,True,TOTAL,All Commodities,0,False,C00,TOTAL CPC,0,0,TOTAL MOT,-1,,0.0,False,-1,,0.0,False,0.0,True,0.0,False,0.0,87767498680.0,87767498680,4,False,True,
C,M,20200701,2020,7,202007,842,USA,USA,DX,Domestic Export,0,W00,World,0,W00,World,H5,HS,True,TOTAL,All Commodities,0,False,C00,TOTAL CPC,0,0,TOTAL MOT,-1,,0.0,False,-1,,0.0,False,0.0,True,0.0,False,0.0,93692291597.0,93692291597,4,False,True,
C,M,20200801,2020,8,202008,842,USA,USA,DX,Domestic Export,0,W00,World,0,W00,World,H5,HS,True,TOTAL,All Commodities,0,False,C00,TOTAL CPC,0,0,TOTAL MOT,-1,,0.0,False,-1,,0.0,False,0.0,True,0.0,False,0.0,99202844494.0,99202844494,4,False,True,
C,M,20200901,2020,9,202009,842,USA,USA,DX,Domestic Export,0,W00,World,0,W00,World,H5,HS,True,TOTAL,All Commodities,0,False,C00,TOTAL CPC,0,0,TOTAL MOT,-1,,0.0,False,-1,,0.0,False,0.0,True,0.0,False,0.0,101522387838.0,101522387838,4,False,True,
C,M,20201001,2020,10,202010,842,USA,USA,DX,Domestic Export,0,W00,World,0,W00,World,H5,HS,True,TOTAL,All Commodities,0,False,C00,TOTAL CPC,0,0,TOTAL MOT,-1,,0.0,False,-1,,0.0,False,0.0,True,0.0,False,0.0,110705160817.0,110705160817,4,False,True,
C,M,20201101,2020,11,202011,842,USA,USA,DX,Domestic Export,0,W00,World,0,W00,World,H5,HS,True,TOTAL,All Commodities,0,False,C00,TOTAL CPC,0,0,TOTAL MOT,-1,,0.0,False,-1,,0.0,False,0.0,True,0.0,False,0.0,106624249385.0,106624249385,4,False,True,
C,M,20201201,2020,12,202012,842,USA,USA,DX,Domestic Export,0,W00,World,0,W00,World,H5,HS,True,TOTAL,All Commodities,0,False,C00,TOTAL CPC,0,0,TOTAL MOT,-1,,0.0,False,-1,,0.0,False,0.0,True,0.0,False,0.0,111509851951.0,111509851951,4,False,True,
C,M,20210101,2021,1,202101,842,USA,USA,DX,Domestic Export,0,W00,World,0,W00,World,H5,HS,True,TOTAL,All Commodities,0,False,C00,TOTAL CPC,0,0,TOTAL MOT,-1,,0.0,False,-1,,0.0,False,0.0,True,0.0,False,0.0,106920714195.0,106920714195,4,False,True,
C,M,20210201,2021,2,202102,842,USA,USA,DX,Domestic Export,0,W00,World,0,W00,World,H5,HS,True,TOTAL,All Commodities,0,False,C00,TOTAL CPC,0,0,TOTAL MOT,-1,,0.0,False,-1,,0.0,False,0.0,True,0.0,False,0.0,105256762147.0,105256762147,4,False,True,
C,M,20210301,2021,3,202103,842,USA,USA,DX,Domestic Export,0,W00,World,0,W00,World,H5,HS,True,TOTAL,All Commodities,0,False,C00,TOTAL CPC,0,0,TOTAL MOT,-1,,0.0,False,-1,,0.0,False,0.0,True,0.0,False,0.0,126076178577.0,126076178577,4,False,True,
C,M,20210401,2021,4,202104,842,USA,USA,DX,Domestic Export,0,W00,World,0,W00,World,H5,HS,True,TOTAL,All Commodities,0,False,C00,TOTAL CPC,0,0,TOTAL MOT,-1,,0.0,False,-1,,0.0,False,0.0,True,0.0,False,0.0,121682452756.0,121682452756,4,False,True,
C,M,20210501,2021,5,202105,842,USA,USA,DX,Domestic Export,0,W00,World,0,W00,World,H5,HS,True,TOTAL,All Commodities,0,False,C00,TOTAL CPC,0,0,TOTAL MOT,-1,,0.0,False,-1,,0.0,False,0.0,True,0.0,False,0.0,122298699200.0,122298699200,4,False,True,
C,M,20210601,2021,6,202106,842,USA,USA,DX,Domestic Export,0,W00,World,0,W00,World,H5,HS,True,TOTAL,All Commodities,0,False,C00,TOTAL CPC,0,0,TOTAL MOT,-1,,0.0,False,-1,,0.0,False,0.0,True,0.0,False,0.0,124572467412.0,124572467412,4,False,True,
C,M,20210701,2021,7,202107,842,USA,USA,DX,Domestic Export,0,W00,World,0,W00,World,H5,HS,True,TOTAL,All Commodities,0,False,C00,TOTAL CPC,0,0,TOTAL MOT,-1,,0.0,False,-1,,0.0,False,0.0,True,0.0,False,0.0,121600940976.0,121600940976,4,False,True,
C,M,20210801,2021,8,202108,842,USA,USA,DX,Domestic Export,0,W00,World,0,W00,World,H5,HS,True,TOTAL,All Commodities,0,False,C00,TOTAL CPC,0,0,TOTAL MOT,-1,,0.0,False,-1,,0.0,False,0.0,True,0.0,False,0.0,125104089692.0,125104089692,4,False,True,
C,M,20210901,2021,9,202109,842,USA,USA,DX,Domestic Export,0,W00,World,0,W00,World,H5,HS,True,TOTAL,All Commodities,0,False,C00,TOTAL CPC,0,0,TOTAL MOT,-1,,0.0,False,-1,,0.0,False,0.0,True,0.0,False,0.0,119509215540.0,119509215540,4,False,True,
C,M,20211001,2021,10,202110,842,USA,USA,DX,Domestic Export,0,W00,World,0,W00,World,H5,HS,True,TOTAL,All Commodities,0,False,C00,TOTAL CPC,0,0,TOTAL MOT,-1,,0.0,False,-1,,0.0,False,0.0,True,0.0,False,0.0,137996207571.0,137996207571,4,False,True,
C,M,20211101,2021,11,202111,842,USA,USA,DX,Domestic Export,0,W00,World,0,W00,World,H5,HS,True,TOTAL,All Commodities,0,False,C00,TOTAL CPC,0,0,TOTAL MOT,-1,,0.0,False,-1,,0.0,False,0.0,True,0.0,False,0.0,133513397008.0,133513397008,4,False,True,
C,M,20211201,2021,12,202112,842,USA,USA,DX,Domestic Export,0,W00,World,0,W00,World,H5,HS,True,TOTAL,All Commodities,0,False,C00,TOTAL CPC,0,0,TOTAL MOT,-1,,0.0,False,-1,,0.0,False,0.0,True,0.0,False,0.0,134067892900.0,134067892900,4,False,True,
C,M,20220101,2022,1,202201,842,USA,USA,DX,Domestic Export,0,W00,World,0,W00,World,H6,HS,True,TOTAL,All Commodities,0,False,C00,TOTAL CPC,0,0,TOTAL MOT,-1,,0.0,False,-1,,0.0,False,0.0,True,0.0,False,0.0,123489839831.0,123489839831,4,False,True,
C,M,20220201,2022,2,202202,842,USA,USA,DX,Domestic Export,0,W00,World,0,W00,World,H6,HS,True,TOTAL,All Commodities,0,False,C00,TOTAL CPC,0,0,TOTAL MOT,-1,,0.0,False,-1,,0.0,False,0.0,True,0.0,False,,126995008285.0,126995008285,4,False,True,
C,M,20220301,2022,3,202203,842,USA,USA,DX,Domestic Export,0,W00,World,0,W00,World,H6,HS,True,TOTAL,All Commodities,0,False,C00,TOTAL CPC,0,0,TOTAL MOT,-1,,0.0,False,-1,,0.0,False,0.0,True,0.0,False,,151590053819.0,151590053819,4,False,True,
C,M,20220401,2022,4,202204,842,USA,USA,DX,Domestic Export,0,W00,World,0,W00,World,H6,HS,True,TOTAL,All Commodities,0,False,C00,TOTAL CPC,0,0,TOTAL MOT,-1,,0.0,False,-1,,0.0,False,0.0,True,0.0,False,0.0,147688800818.0,147688800818,4,False,True,
C,M,20220501,2022,5,202205,842,USA,USA,DX,Domestic Export,0,W00,World,0,W00,World,H6,HS,True,TOTAL,All Commodities,0,False,C00,TOTAL CPC,0,0,TOTAL MOT,-1,,0.0,False,-1,,0.0,False,0.0,True,0.0,False,0.0,152367121268.0,152367121268,4,False,True,
C,M,20220601,2022,6,202206,842,USA,USA,DX,Domestic Export,0,W00,World,0,W00,World,H6,HS,True,TOTAL,All Commodities,0,False,C00,TOTAL CPC,0,0,TOTAL MOT,-1,,0.0,False,-1,,0.0,False,0.0,True,0.0,False,0.0,154865120757.0,154865120757,4,False,True,
C,M,20220701,2022,7,202207,842,USA,USA,DX,Domestic Export,0,W00,World,0,W00,World,H6,HS,True,TOTAL,All Commodities,0,False,C00,TOTAL CPC,0,0,TOTAL MOT,-1,,0.0,False,-1,,0.0,False,0.0,True,0.0,False,0.0,147422885959.0,147422885959,4,False,True,
C,M,20220801,2022,8,202208,842,USA,USA,DX,Domestic Export,0,W00,World,0,W00,World,H6,HS,True,TOTAL,All Commodities,0,False,C00,TOTAL CPC,0,0,TOTAL MOT,-1,,0.0,False,-1,,0.0,False,0.0,True,0.0,False,0.0,152784751446.0,152784751446,4,False,True,
C,M,20220901,2022,9,202209,842,USA,USA,DX,Domestic Export,0,W00,World,0,W00,World,H6,HS,True,TOTAL,All Commodities,0,False,C00,TOTAL CPC,0,0,TOTAL MOT,-1,,0.0,False,-1,,0.0,False,0.0,True,0.0,False,0.0,147734333353.0,147734333353,4,False,True,
C,M,20221001,2022,10,202210,842,USA,USA,DX,Domestic Export,0,W00,World,0,W00,World,H6,HS,True,TOTAL,All Commodities,0,False,C00,TOTAL CPC,0,0,TOTAL MOT,-1,,0.0,False,-1,,0.0,False,0.0,True,0.0,False,0.0,151192470987.0,151192470987,4,False,True,
C,M,20221101,2022,11,202211,842,USA,USA,DX,Domestic Export,0,W00,World,0,W00,World,H6,HS,True,TOTAL,All Commodities,0,False,C00,TOTAL CPC,0,0,TOTAL MOT,-1,,0.0,False,-1,,0.0,False,0.0,True,0.0,False,0.0,143776228220.0,143776228220,4,False,True,
C,M,20221201,2022,12,202212,842,USA,USA,DX,Domestic Export,0,W00,World,0,W00,World,H6,HS,True,TOTAL,All Commodities,0,False,C00,TOTAL CPC,0,0,TOTAL MOT,-1,,0.0,False,-1,,0.0,False,0.0,True,0.0,False,0.0,143904133049.0,143904133049,4,False,True,
C,M,20230101,2023,1,202301,842,USA,USA,DX,Domestic Export,0,W00,World,0,W00,World,H6,HS,True,TOTAL,All Commodities,0,False,C00,TOTAL CPC,0,0,TOTAL MOT,-1,,0.0,False,-1,,0.0,False,0.0,True,0.0,False,,138922845983.0,138922845983,4,False,True,
C,M,20230201,2023,2,202302,842,USA,USA,DX,Domestic Export,0,W00,World,0,W00,World,H6,HS,True,TOTAL,All Commodities,0,False,C00,TOTAL CPC,0,0,TOTAL MOT,-1,,0.0,False,-1,,0.0,False,0.0,True,0.0,False,,132409280001.0,132409280001,4,False,True,
C,M,20230301,2023,3,202303,842,USA,USA,DX,Domestic Export,0,W00,World,0,W00,World,H6,HS,True,TOTAL,All Commodities,0,False,C00,TOTAL CPC,0,0,TOTAL MOT,-1,,0.0,False,-1,,0.0,False,0.0,True,0.0,False,,154126114385.0,154126114385,4,False,True,
C,M,20230401,2023,4,202304,842,USA,USA,DX,Domestic Export,0,W00,World,0,W00,World,H6,HS,True,TOTAL,All Commodities,0,False,C00,TOTAL CPC,0,0,TOTAL MOT,-1,,0.0,False,-1,,0.0,False,0.0,True,0.0,False,,136644970336.0,136644970336,4,False,True,
C,M,20230501,2023,5,202305,842,USA,USA,DX,Domestic Export,0,W00,World,0,W00,World,H6,HS,True,TOTAL,All Commodities,0,False,C00,TOTAL CPC,0,0,TOTAL MOT,-1,,0.0,False,-1,,0.0,False,0.0,True,0.0,False,,140109275761.0,140109275761,4,False,True,
