TypeCode,FreqCode,RefPeriodId,RefYear,RefMonth,Period,ReporterCode,ReporterISO,ReporterDesc,FlowCode,FlowDesc,PartnerCode,PartnerISO,PartnerDesc,Partner2Code,Partner2ISO,Partner2Desc,ClassificationCode,ClassificationSearchCode,IsOriginalClassification,CmdCode,CmdDesc,AggrLevel,IsLeaf,CustomsCode,CustomsDesc,MosCode,MotCode,MotDesc,QtyUnitCode,QtyUnitAbbr,Qty,IsQtyEstimated,AltQtyUnitCode,AltQtyUnitAbbr,AtlQty,IsAltQtyEstimated,NetWgt,IsNetWgtEstimated,GrossWgt,IsGrossWgtEstimated,Cifvalue,Fobvalue,PrimaryValue,LegacyEstimationFlag,IsReported,IsAggregate,Unnamed: 47
C,M,20110101,2011,1,201101,842,USA,USA,M,Import,0,W00,World,0,W00,World,H3,HS,True,TOTAL,All Commodities,0,False,C00,TOTAL CPC,0,0,TOTAL MOT,-1,,0.0,False,-1,,0.0,False,0.0,False,0.0,False,170800073568.0,0.0,170800073568,0,False,True,
C,M,20110201,2011,2,201102,842,USA,USA,M,Import,0,W00,World,0,W00,World,H3,HS,True,TOTAL,All Commodities,0,False,C00,TOTAL CPC,0,0,TOTAL MOT,-1,,0.0,False,-1,,0.0,False,0.0,False,0.0,False,160918535693.0,0.0,160918535693,0,False,True,
C,M,20110301,2011,3,201103,842,USA,USA,M,Import,0,W00,World,0,W00,World,H3,HS,True,TOTAL,All Commodities,0,False,C00,TOTAL CPC,0,0,TOTAL MOT,-1,,0.0,False,-1,,0.0,False,0.0,False,0.0,False,190533679870.0,0.0,190533679870,0,False,True,
C,M,20110401,2011,4,201104,842,USA,USA,M,Import,0,W00,World,0,W00,World,H3,HS,True,TOTAL,All Commodities,0,False,C00,TOTAL CPC,0,0,TOTAL MOT,-1,,0.0,False,-1,,0.0,False,0.0,False,0.0,False,182571022432.0,0.0,182571022432,0,False,True,
C,M,20110501,2011,5,201105,842,USA,USA,M,Import,0,W00,World,0,W00,World,H3,HS,True,TOTAL,All Commodities,0,False,C00,TOTAL CPC,0,0,TOTAL MOT,-1,,0.0,False,-1,,0.0,False,0.0,False,0.0,False,192927267012.0,0.0,192927267012,0,False,True,
C,M,20110601,2011,6,201106,842,USA,USA,M,Import,0,W00,World,0,W00,World,H3,HS,True,TOTAL,All Commodities,0,False,C00,TOTAL CPC,0,0,TOTAL MOT,-1,,0.0,False,-1,,0.0,False,0.0,False,0.0,False,197269857482.0,0.0,197269857482,0,False,True,
C,M,20110701,2011,7,201107,842,USA,USA,M,Import,0,W00,World,0,W00,World,H3,HS,True,TOTAL,All Commodities,0,False,C00,TOTAL CPC,0,0,TOTAL MOT,-1,,0.0,False,-1,,0.0,False,0.0,False,0.0,False,191546510305.0,0.0,191546510305,0,False,True,
C,M,20110801,2011,8,201108,842,USA,USA,M,Import,0,W00,World,0,W00,World,H3,HS,True,TOTAL,All Commodities,0,False,C00,TOTAL CPC,0,0,TOTAL MOT,-1,,0.0,False,-1,,0.0,False,0.0,False,0.0,False,201646255078.0,0.0,201646255078,0,False,True,
C,M,20110901,2011,9,201109,842,USA,USA,M,Import,0,W00,World,0,W00,World,H3,HS,True,TOTAL,All Commodities,0,False,C00,TOTAL CPC,0,0,TOTAL MOT,-1,,0.0,False,-1,,0.0,False,0.0,False,0.0,False,193865830081.0,0.0,193865830081,0,False,True,
C,M,20111001,2011,10,201110,842,USA,USA,M,Import,0,W00,World,0,W00,World,H3,HS,True,TOTAL,All Commodities,0,False,C00,TOTAL CPC,0,0,TOTAL MOT,-1,,,False,-1,,,False,,False,,False,196312030645.0,,196312030645,0,False,True,
C,M,20111101,2011,11,201111,842,USA,USA,M,Import,0,W00,World,0,W00,World,H3,HS,True,TOTAL,All Commodities,0,False,C00,TOTAL CPC,0,0,TOTAL MOT,-1,,,False,-1,,,False,,False,,False,195675265041.0,,195675265041,0,False,True,
C,M,20111201,2011,12,201112,842,USA,USA,M,Import,0,W00,World,0,W00,World,H3,HS,True,TOTAL,All Commodities,0,False,C00,TOTAL CPC,0,0,TOTAL MOT,-1,,,False,-1,,,False,,False,,False,188519307159.0,,188519307159,0,False,True,
C,M,20120101,2012,1,201201,842,USA,USA,M,Import,0,W00,World,0,W00,World,H4,HS,True,TOTAL,All Commodities,0,False,C00,TOTAL CPC,0,0,TOTAL MOT,-1,,,False,-1,,,False,,False,,False,188224982925.0,,188224982925,0,False,True,
C,M,20120201,2012,2,201202,842,USA,USA,M,Import,0,W00,World,0,W00,World,H4,HS,True,TOTAL,All Commodities,0,False,C00,TOTAL CPC,0,0,TOTAL MOT,-1,,0.0,False,-1,,0.0,False,0.0,False,0.0,False,176338299043.0,0.0,176338299043,0,False,True,
C,M,20120301,2012,3,201203,842,USA,USA,M,Import,0,W00,World,0,W00,World,H4,HS,True,TOTAL,All Commodities,0,False,C00,TOTAL CPC,0,0,TOTAL MOT,-1,,0.0,False,-1,,0.0,False,0.0,False,0.0,False,202088822547.0,0.0,202088822547,0,False,True,
C,M,20120401,2012,4,201204,842,USA,USA,M,Import,0,W00,World,0,W00,World,H4,HS,True,TOTAL,All Commodities,0,False,C00,TOTAL CPC,0,0,TOTAL MOT,-1,,0.0,False,-1,,0.0,False,0.0,False,0.0,False,194220616666.0,0.0,194220616666,0,False,True,
C,M,20120501,2012,5,201205,842,USA,USA,M,Import,0,W00,World,0,W00,World,H4,HS,True,TOTAL,All Commodities,0,False,C00,TOTAL CPC,0,0,TOTAL MOT,-1,,0.0,False,-1,,0.0,False,0.0,False,0.0,False,203703337686.0,0.0,203703337686,0,False,True,
C,M,20120601,2012,6,201206,842,USA,USA,M,Import,0,W00,World,0,W00,World,H4,HS,True,TOTAL,All Commodities,0,False,C00,TOTAL CPC,0,0,TOTAL MOT,-1,,0.0,False,-1,,0.0,False,0.0,False,0.0,False,196759876501.0,0.0,196759876501,0,False,True,
C,M,20120701,2012,7,201207,842,USA,USA,M,Import,0,W00,World,0,W00,World,H4,HS,True,TOTAL,All Commodities,0,False,C00,TOTAL CPC,0,0,TOTAL MOT,-1,,0.0,False,-1,,0.0,False,0.0,False,0.0,False,197038199847.0,0.0,197038199847,0,False,True,
C,M,20120801,2012,8,201208,842,USA,USA,M,Import,0,W00,World,0,W00,World,H4,HS,True,TOTAL,All Commodities,0,False,C00,TOTAL CPC,0,0,TOTAL MOT,-1,,0.0,False,-1,,0.0,False,0.0,False,0.0,False,200053453114.0,0.0,200053453114,0,False,True,
C,M,20120901,2012,9,201209,842,USA,USA,M,Import,0,W00,World,0,W00,World,H4,HS,True,TOTAL,All Commodities,0,False,C00,TOTAL CPC,0,0,TOTAL MOT,-1,,0.0,False,-1,,0.0,False,0.0,False,0.0,False,191079432694.0,0.0,191079432694,0,False,True,
C,M,20121001,2012,10,201210,842,USA,USA,M,Import,0,W00,World,0,W00,World,H4,HS,True,TOTAL,All Commodities,0,False,C00,TOTAL CPC,0,0,TOTAL MOT,-1,,0.0,False,-1,,0.0,False,0.0,False,0.0,False,203665100105.0,0.0,203665100105,0,False,True,
C,M,20121101,2012,11,201211,842,USA,USA,M,Import,0,W00,World,0,W00,World,H4,HS,True,TOTAL,All Commodities,0,False,C00,TOTAL CPC,0,0,TOTAL MOT,-1,,0.0,False,-1,,0.0,False,0.0,False,0.0,False,199052700239.0,0.0,199052700239,0,False,True,
C,M,20121201,2012,12,201212,842,USA,USA,M,Import,0,W00,World,0,W00,World,H4,HS,True,TOTAL,All Commodities,0,False,C00,TOTAL CPC,0,0,TOTAL MOT,-1,,0.0,False,-1,,0.0,False,0.0,False,0.0,False,181580411593.0,0.0,181580411593,0,False,True,
C,M,20130101,2013,1,201301,842,USA,USA,M,Import,0,W00,World,0,W00,World,H4,HS,True,TOTAL,All Commodities,0,False,C00,TOTAL CPC,0,0,TOTAL MOT,-1,,0.0,False,-1,,0.0,False,0.0,False,0.0,False,189964599514.0,0.0,189964599514,0,False,True,
C,M,20130201,2013,2,201302,842,USA,USA,M,Import,0,W00,World,0,W00,World,H4,HS,True,TOTAL,All Commodities,0,False,C00,TOTAL CPC,0,0,TOTAL MOT,-1,,0.0,False,-1,,0.0,False,0.0,False,0.0,False,174343561496.0,0.0,174343561496,0,False,True,
C,M,20130301,2013,3,201303,842,USA,USA,M,Import,0,W00,World,0,W00,World,H4,HS,True,TOTAL,All Commodities,0,False,C00,TOTAL CPC,0,0,TOTAL MOT,-1,,0.0,False,-1,,0.0,False,0.0,False,0.0,False,186153771860.0,0.0,186153771860,0,False,True,
C,M,20130401,2013,4,201304,842,USA,USA,M,Import,0,W00,World,0,W00,World,H4,HS,True,TOTAL,All Commodities,0,False,C00,TOTAL CPC,0,0,TOTAL MOT,-1,,0.0,False,-1,,0.0,False,0.0,False,0.0,False,195975614700.0,0.0,195975614700,0,False,True,
C,M,20130501,2013,5,201305,842,USA,USA,M,Import,0,W00,World,0,W00,World,H4,HS,True,TOTAL,All Commodities,0,False,C00,TOTAL CPC,0,0,TOTAL MOT,-1,,0.0,False,-1,,0.0,False,0.0,False,0.0,False,202049307031.0,0.0,202049307031,0,False,True,
C,M,20130601,2013,6,201306,842,USA,USA,M,Import,0,W00,World,0,W00,World,H4,HS,True,TOTAL,All Commodities,0,False,C00,TOTAL CPC,0,0,TOTAL MOT,-1,,0.0,False,-1,,0.0,False,0.0,False,0.0,False,189393077311.0,0.0,189393077311,0,False,True,
C,M,20130701,2013,7,201307,842,USA,USA,M,Import,0,W00,World,0,W00,World,H4,HS,True,TOTAL,All Commodities,0,False,C00,TOTAL CPC,0,0,TOTAL MOT,-1,,0.0,False,-1,,0.0,False,0.0,False,0.0,False,203592382848.0,0.0,203592382848,0,False,True,
C,M,20130801,2013,8,201308,842,USA,USA,M,Import,0,W00,World,0,W00,World,H4,HS,True,TOTAL,All Commodities,0,False,C00,TOTAL CPC,0,0,TOTAL MOT,-1,,0.0,False,-1,,0.0,False,0.0,False,0.0,False,198830692547.0,0.0,198830692547,0,False,True,
C,M,20130901,2013,9,201309,842,USA,USA,M,Import,0,W00,World,0,W00,World,H4,HS,True,TOTAL,All Commodities,0,False,C00,TOTAL CPC,0,0,TOTAL MOT,-1,,0.0,False,-1,,0.0,False,0.0,False,0.0,False,195852352796.0,0.0,195852352796,0,False,True,
C,M,20131001,2013,10,201310,842,USA,USA,M,Import,0,W00,World,0,W00,World,H4,HS,True,TOTAL,All Commodities,0,False,C00,TOTAL CPC,0,0,TOTAL MOT,-1,,0.0,False,-1,,0.0,False,0.0,False,0.0,False,211688862773.0,0.0,211688862773,0,False,True,
C,M,20131101,2013,11,201311,842,USA,USA,M,Import,0,W00,World,0,W00,World,H4,HS,True,TOTAL,All Commodities,0,False,C00,TOTAL CPC,0,0,TOTAL MOT,-1,,0.0,False,-1,,0.0,False,0.0,False,0.0,False,193337776636.0,0.0,193337776636,0,False,True,
C,M,20131201,2013,12,201312,842,USA,USA,M,Import,0,W00,World,0,W00,World,H4,HS,True,TOTAL,All Commodities,0,False,C00,TOTAL CPC,0,0,TOTAL MOT,-1,,0.0,False,-1,,0.0,False,0.0,False,0.0,False,187146633293.0,0.0,187146633293,0,False,True,
C,M,20140101,2014,1,201401,842,USA,USA,M,Import,0,W00,World,0,W00,World,H4,HS,True,TOTAL,All Commodities,0,False,C00,TOTAL CPC,0,0,TOTAL MOT,-1,,0.0,False,-1,,0.0,False,0.0,False,0.0,False,189689988788.0,0.0,189689988788,0,False,True,
C,M,20140201,2014,2,201402,842,USA,USA,M,Import,0,W00,World,0,W00,World,H4,HS,True,TOTAL,All Commodities,0,False,C00,TOTAL CPC,0,0,TOTAL MOT,-1,,0.0,False,-1,,0.0,False,0.0,False,0.0,False,174869900319.0,0.0,174869900319,0,False,True,
C,M,20140301,2014,3,201403,842,USA,USA,M,Import,0,W00,World,0,W00,World,H4,HS,True,TOTAL,All Commodities,0,False,C00,TOTAL CPC,0,0,TOTAL MOT,-1,,0.0,False,-1,,0.0,False,0.0,False,0.0,False,197653685408.0,0.0,197653685408,0,False,True,
C,M,20140401,2014,4,201404,842,USA,USA,M,Import,0,W00,World,0,W00,World,H4,HS,True,TOTAL,All Commodities,0,False,C00,TOTAL CPC,0,0,TOTAL MOT,-1,,0.0,False,-1,,0.0,False,0.0,False,0.0,False,206050951503.0,0.0,206050951503,0,False,True,
C,M,20140501,2014,5,201405,842,USA,USA,M,Import,0,W00,World,0,W00,World,H4,HS,True,TOTAL,All Commodities,0,False,C00,TOTAL CPC,0,0,TOTAL MOT,-1,,0.0,False,-1,,0.0,False,0.0,False,0.0,False,205347854239.0,0.0,205347854239,0,False,True,
C,M,20140601,2014,6,201406,842,USA,USA,M,Import,0,W00,World,0,W00,World,H4,HS,True,TOTAL,All Commodities,0,False,C00,TOTAL CPC,0,0,TOTAL MOT,-1,,0.0,False,-1,,0.0,False,0.0,False,0.0,False,202492654083.0,0.0,202492654083,0,False,True,
C,M,20140701,2014,7,201407,842,USA,USA,M,Import,0,W00,World,0,W00,World,H4,HS,True,TOTAL,All Commodities,0,False,C00,TOTAL CPC,0,0,TOTAL MOT,-1,,0.0,False,-1,,0.0,False,0.0,False,0.0,False,210038297808.0,0.0,210038297808,0,False,True,
C,M,20140801,2014,8,201408,842,USA,USA,M,Import,0,W00,World,0,W00,World,H4,HS,True,TOTAL,All Commodities,0,False,C00,TOTAL CPC,0,0,TOTAL MOT,-1,,0.0,False,-1,,0.0,False,0.0,False,0.0,False,201646665091.0,0.0,201646665091,0,False,True,
C,M,20140901,2014,9,201409,842,USA,USA,M,Import,0,W00,World,0,W00,World,H4,HS,True,TOTAL,All Commodities,0,False,C00,TOTAL CPC,0,0,TOTAL MOT,-1,,0.0,False,-1,,0.0,False,0.0,False,0.0,False,208105297715.0,0.0,208105297715,0,False,True,
C,M,20141001,2014,10,201410,842,USA,USA,M,Import,0,W00,World,0,W00,World,H4,HS,True,TOTAL,All Commodities,0,False,C00,TOTAL CPC,0,0,TOTAL MOT,-1,,0.0,False,-1,,0.0,False,0.0,False,0.0,False,216893937197.0,0.0,216893937197,0,False,True,
C,M,20141101,2014,11,201411,842,USA,USA,M,Import,0,W00,World,0,W00,World,H4,HS,True,TOTAL,All Commodities,0,False,C00,TOTAL CPC,0,0,TOTAL MOT,-1,,0.0,False,-1,,0.0,False,0.0,False,0.0,False,193992944875.0,0.0,193992944875,0,False,True,
C,M,20141201,2014,12,201412,842,USA,USA,M,Import,0,W00,World,0,W00,World,H4,HS,True,TOTAL,All Commodities,0,False,C00,TOTAL CPC,0,0,TOTAL MOT,-1,,0.0,False,-1,,0.0,False,0.0,False,0.0,False,201316535006.0,0.0,201316535006,0,False,True,
C,M,20150101,2015,1,201501,842,USA,USA,M,Import,0,W00,World,0,W00,World,H4,HS,True,TOTAL,All Commodities,0,False,C00,TOTAL CPC,0,0,TOTAL MOT,-1,,0.0,False,-1,,0.0,False,0.0,False,0.0,False,184745170594.0,0.0,184745170594,0,False,True,
C,M,20150201,2015,2,201502,842,USA,USA,M,Import,0,W00,World,0,W00,World,H4,HS,True,TOTAL,All Commodities,0,False,C00,TOTAL CPC,0,0,TOTAL MOT,-1,,0.0,False,-1,,0.0,False,0.0,False,0.0,False,166788848213.0,0.0,166788848213,0,False,True,
C,M,20150301,2015,3,201503,842,USA,USA,M,Import,0,W00,World,0,W00,World,H4,HS,True,TOTAL,All Commodities,0,False,C00,TOTAL CPC,0,0,TOTAL MOT,-1,,0.0,False,-1,,0.0,False,0.0,False,0.0,False,203662851812.0,0.0,203662851812,0,False,True,
C,M,20150401,2015,4,201504,842,USA,USA,M,Import,0,W00,World,0,W00,World,H4,HS,True,TOTAL,All Commodities,0,False,C00,TOTAL CPC,0,0,TOTAL MOT,-1,,0.0,False,-1,,0.0,False,0.0,False,0.0,False,194533558906.0,0.0,194533558906,0,False,True,
C,M,20150501,2015,5,201505,842,USA,USA,M,Import,0,W00,World,0,W00,World,H4,HS,True,TOTAL,All Commodities,0,False,C00,TOTAL CPC,0,0,TOTAL MOT,-1,,0.0,False,-1,,0.0,False,0.0,False,0.0,False,191492538570.0,0.0,191492538570,0,False,True,
C,M,20150601,2015,6,201506,842,USA,USA,M,Import,0,W00,World,0,W00,World,H4,HS,True,TOTAL,All Commodities,0,False,C00,TOTAL CPC,0,0,TOTAL MOT,-1,,0.0,False,-1,,0.0,False,0.0,False,0.0,False,201743707769.0,0.0,201743707769,0,False,True,
C,M,20150701,2015,7,201507,842,USA,USA,M,Import,0,W00,World,0,W00,World,H4,HS,True,TOTAL,All Commodities,0,False,C00,TOTAL CPC,0,0,TOTAL MOT,-1,,0.0,False,-1,,0.0,False,0.0,False,0.0,False,198187451473.0,0.0,198187451473,0,False,True,
C,M,20150801,2015,8,201508,842,USA,USA,M,Import,0,W00,World,0,W00,World,H4,HS,True,TOTAL,All Commodities,0,False,C00,TOTAL CPC,0,0,TOTAL MOT,-1,,0.0,False,-1,,0.0,False,0.0,False,0.0,False,195973769980.0,0.0,195973769980,0,False,True,
C,M,20150901,2015,9,201509,842,USA,USA,M,Import,0,W00,World,0,W00,World,H4,HS,True,TOTAL,All Commodities,0,False,C00,TOTAL CPC,0,0,TOTAL MOT,-1,,0.0,False,-1,,0.0,False,0.0,False,0.0,False,196736744267.0,0.0,196736744267,0,False,True,
C,M,20151001,2015,10,201510,842,USA,USA,M,Import,0,W00,World,0,W00,World,H4,HS,True,TOTAL,All Commodities,0,False,C00,TOTAL CPC,0,0,TOTAL MOT,-1,,0.0,False,-1,,0.0,False,0.0,False,0.0,False,200474368876.0,0.0,200474368876,0,False,True,
C,M,20151101,2015,11,201511,842,USA,USA,M,Import,0,W00,World,0,W00,World,H4,HS,True,TOTAL,All Commodities,0,False,C00,TOTAL CPC,0,0,TOTAL MOT,-1,,0.0,False,-1,,0.0,False,0.0,False,0.0,False,187533708457.0,0.0,187533708457,0,False,True,
C,M,20151201,2015,12,201512,842,USA,USA,M,Import,0,W00,World,0,W00,World,H4,HS,True,TOTAL,All Commodities,0,False,C00,TOTAL CPC,0,0,TOTAL MOT,-1,,0.0,False,-1,,0.0,False,0.0,False,0.0,False,184949442352.0,0.0,184949442352,0,False,True,
C,M,20160101,2016,1,201601,842,USA,USA,M,Import,0,W00,World,0,W00,World,H4,HS,True,TOTAL,All Commodities,0,False,C00,TOTAL CPC,0,0,TOTAL MOT,-1,,0.0,False,-1,,0.0,False,0.0,True,0.0,False,170770745258.0,165667342549.0,170770745258,4,False,True,
C,M,20160201,2016,2,201602,842,USA,USA,M,Import,0,W00,World,0,W00,World,H4,HS,True,TOTAL,All Commodities,0,False,C00,TOTAL CPC,0,0,TOTAL MOT,-1,,0.0,False,-1,,0.0,False,0.0,True,0.0,False,172971453790.0,167885719815.0,172971453790,4,False,True,
C,M,20160301,2016,3,201603,842,USA,USA,M,Import,0,W00,World,0,W00,World,H4,HS,True,TOTAL,All Commodities,0,False,C00,TOTAL CPC,0,0,TOTAL MOT,-1,,0.0,False,-1,,0.0,False,0.0,True,0.0,False,183280155334.0,178248627451.0,183280155334,4,False,True,
C,M,20160401,2016,4,201604,842,USA,USA,M,Import,0,W00,World,0,W00,World,H4,HS,True,TOTAL,All Commodities,0,False,C00,TOTAL CPC,0,0,TOTAL MOT,-1,,0.0,False,-1,,0.0,False,0.0,True,0.0,False,178860148491.0,173822344194.0,178860148491,4,False,True,
C,M,20160501,2016,5,201605,842,USA,USA,M,Import,0,W00,World,0,W00,World,H4,HS,True,TOTAL,All Commodities,0,False,C00,TOTAL CPC,0,0,TOTAL MOT,-1,,0.0,False,-1,,0.0,False,0.0,True,0.0,False,188419615636.0,183240490605.0,188419615636,4,False,True,
C,M,20160601,2016,6,201606,842,USA,USA,M,Import,0,W00,World,0,W00,World,H4,HS,True,TOTAL,All Commodities,0,False,C00,TOTAL CPC,0,0,TOTAL MOT,-1,,0.0,False,-1,,0.0,False,0.0,True,0.0,False,193574151430.0,188400478922.0,193574151430,4,False,True,
C,M,20160701,2016,7,201607,842,USA,USA,M,Import,0,W00,World,0,W00,World,H4,HS,True,TOTAL,All Commodities,0,False,C00,TOTAL CPC,0,0,TOTAL MOT,-1,,0.0,False,-1,,0.0,False,0.0,True,0.0,False,186798293499.0,181683802540.0,186798293499,4,False,True,
C,M,20160801,2016,8,201608,842,USA,USA,M,Import,0,W00,World,0,W00,World,H4,HS,True,TOTAL,All Commodities,0,False,C00,TOTAL CPC,0,0,TOTAL MOT,-1,,0.0,False,-1,,0.0,False,0.0,True,0.0,False,199324548159.0,193863891298.0,199324548159,4,False,True,
C,M,20160901,2016,9,201609,842,USA,USA,M,Import,0,W00,World,0,W00,World,H4,HS,True,TOTAL,All Commodities,0,False,C00,TOTAL CPC,0,0,TOTAL MOT,-1,,0.0,False,-1,,0.0,False,0.0,True,0.0,False,190948726274.0,185811432167.0,190948726274,4,False,True,
C,M,20161001,2016,10,201610,842,USA,USA,M,Import,0,W00,World,0,W00,World,H4,HS,True,TOTAL,All Commodities,0,False,C00,TOTAL CPC,0,0,TOTAL MOT,-1,,0.0,False,-1,,0.0,False,0.0,True,0.0,False,197148686385.0,191794807281.0,197148686385,4,False,True,
C,M,20161101,2016,11,201611,842,USA,USA,M,Import,0,W00,World,0,W00,World,H4,HS,True,TOTAL,All Commodities,0,False,C00,TOTAL CPC,0,0,TOTAL MOT,-1,,0.0,False,-1,,0.0,False,0.0,True,0.0,False,196342883259.0,191010662222.0,196342883259,4,False,True,
C,M,20161201,2016,12,201612,842,USA,USA,M,Import,0,W00,World,0,W00,World,H4,HS,True,TOTAL,All Commodities,0,False,C00,TOTAL CPC,0,0,TOTAL MOT,-1,,0.0,False,-1,,0.0,False,0.0,True,0.0,False,188727846923.0,183459917654.0,188727846923,4,False,True,
C,M,20170101,2017,1,201701,842,USA,USA,M,Import,0,W00,World,0,W00,World,H5,HS,True,TOTAL,All Commodities,0,False,C00,TOTAL CPC,0,0,TOTAL MOT,-1,,0.0,False,-1,,0.0,False,0.0,True,0.0,False,191083700585.0,185507334162.0,191083700585,4,False,True,
C,M,20170201,2017,2,201702,842,USA,USA,M,Import,0,W00,World,0,W00,World,H5,HS,True,TOTAL,All Commodities,0,False,C00,TOTAL CPC,0,0,TOTAL MOT,-1,,0.0,False,-1,,0.0,False,0.0,True,0.0,False,174270105628.0,169329705428.0,174270105628,4,False,True,
C,M,20170301,2017,3,201703,842,USA,USA,M,Import,0,W00,World,0,W00,World,H5,HS,True,TOTAL,All Commodities,0,False,C00,TOTAL CPC,0,0,TOTAL MOT,-1,,0.0,False,-1,,0.0,False,0.0,True,0.0,False,199596940754.0,194114962849.0,199596940754,4,False,True,
C,M,20170401,2017,4,201704,842,USA,USA,M,Import,0,W00,World,0,W00,World,H5,HS,True,TOTAL,All Commodities,0,False,C00,TOTAL CPC,0,0,TOTAL MOT,-1,,0.0,False,-1,,0.0,False,0.0,True,0.0,False,191408274084.0,186106078225.0,191408274084,4,False,True,
C,M,20170501,2017,5,201705,842,USA,USA,M,Import,0,W00,World,0,W00,World,H5,HS,True,TOTAL,All Commodities,0,False,C00,TOTAL CPC,0,0,TOTAL MOT,-1,,0.0,False,-1,,0.0,False,0.0,True,0.0,False,206281428429.0,200530449661.0,206281428429,4,False,True,
C,M,20170601,2017,6,201706,842,USA,USA,M,Import,0,W00,World,0,W00,World,H5,HS,True,TOTAL,All Commodities,0,False,C00,TOTAL CPC,0,0,TOTAL MOT,-1,,0.0,False,-1,,0.0,False,0.0,True,0.0,False,203961423606.0,198378355368.0,203961423606,4,False,True,
C,M,20170701,2017,7,201707,842,USA,USA,M,Import,0,W00,World,0,W00,World,H5,HS,True,TOTAL,All Commodities,0,False,C00,TOTAL CPC,0,0,TOTAL MOT,-1,,0.0,False,-1,,0.0,False,0.0,True,0.0,False,197604842095.0,191971363505.0,197604842095,4,False,True,
C,M,20170801,2017,8,201708,842,USA,USA,M,Import,0,W00,World,0,W00,World,H5,HS,True,TOTAL,All Commodities,0,False,C00,TOTAL CPC,0,0,TOTAL MOT,-1,,0.0,False,-1,,0.0,False,0.0,True,0.0,False,207476522735.0,201757122201.0,207476522735,4,False,True,
C,M,20170901,2017,9,201709,842,USA,USA,M,Import,0,W00,World,0,W00,World,H5,HS,True,TOTAL,All Commodities,0,False,C00,TOTAL CPC,0,0,TOTAL MOT,-1,,0.0,False,-1,,0.0,False,0.0,True,0.0,False,200262185627.0,194696914855.0,200262185627,4,False,True,
C,M,20171001,2017,10,201710,842,USA,USA,M,Import,0,W00,World,0,W00,World,H5,HS,True,TOTAL,All Commodities,0,False,C00,TOTAL CPC,0,0,TOTAL MOT,-1,,0.0,False,-1,,0.0,False,0.0,True,0.0,False,216523680883.0,210645741144.0,216523680883,4,False,True,
C,M,20171101,2017,11,201711,842,USA,USA,M,Import,0,W00,World,0,W00,World,H5,HS,True,TOTAL,All Commodities,0,False,C00,TOTAL CPC,0,0,TOTAL MOT,-1,,0.0,False,-1,,0.0,False,0.0,True,0.0,False,213311274883.0,207670274879.0,213311274883,4,False,True,
C,M,20171201,2017,12,201712,842,USA,USA,M,Import,0,W00,World,0,W00,World,H5,HS,True,TOTAL,All Commodities,0,False,C00,TOTAL CPC,0,0,TOTAL MOT,-1,,0.0,False,-1,,0.0,False,0.0,True,0.0,False,205609810151.0,200195871286.0,205609810151,4,False,True,
C,M,20180101,2018,1,201801,842,USA,USA,M,Import,0,W00,World,0,W00,World,H5,HS,True,TOTAL,All Commodities,0,False,C00,TOTAL CPC,0,0,TOTAL MOT,-1,,0.0,False,-1,,0.0,False,0.0,True,0.0,False,209017800127.0,203268759173.0,209017800127,4,False,True,
C,M,20180201,2018,2,201802,842,USA,USA,M,Import,0,W00,World,0,W00,World,H5,HS,True,TOTAL,All Commodities,0,False,C00,TOTAL CPC,0,0,TOTAL MOT,-1,,0.0,False,-1,,0.0,False,0.0,True,0.0,False,192344630178.0,187107093574.0,192344630178,4,False,True,
C,M,20180301,2018,3,201803,842,USA,USA,M,Import,0,W00,World,0,W00,World,H5,HS,True,TOTAL,All Commodities,0,False,C00,TOTAL CPC,0,0,TOTAL MOT,-1,,0.0,False,-1,,0.0,False,0.0,True,0.0,False,213778860811.0,208068628333.0,213778860811,4,False,True,
C,M,20180401,2018,4,201804,842,USA,USA,M,Import,0,W00,World,0,W00,World,H5,HS,True,TOTAL,All Commodities,0,False,C00,TOTAL CPC,0,0,TOTAL MOT,-1,,0.0,False,-1,,0.0,False,0.0,True,0.0,False,211094120159.0,205346865405.0,211094120159,4,False,True,
C,M,20180501,2018,5,201805,842,USA,USA,M,Import,0,W00,World,0,W00,World,H5,HS,True,TOTAL,All Commodities,0,False,C00,TOTAL CPC,0,0,TOTAL MOT,-1,,0.0,False,-1,,0.0,False,0.0,True,0.0,False,222517902218.0,216383330716.0,222517902218,4,False,True,
C,M,20180601,2018,6,201806,842,USA,USA,M,Import,0,W00,World,0,W00,World,H5,HS,True,TOTAL,All Commodities,0,False,C00,TOTAL CPC,0,0,TOTAL MOT,-1,,0.0,False,-1,,0.0,False,0.0,True,0.0,False,217600147849.0,211805104287.0,217600147849,4,False,True,
C,M,20180701,2018,7,201807,842,USA,USA,M,Import,0,W00,World,0,W00,World,H5,HS,True,TOTAL,All Commodities,0,False,C00,TOTAL CPC,0,0,TOTAL MOT,-1,,0.0,False,-1,,0.0,False,0.0,True,0.0,False,222973639576.0,216916624330.0,222973639576,4,False,True,
C,M,20180801,2018,8,201808,842,USA,USA,M,Import,0,W00,World,0,W00,World,H5,HS,True,TOTAL,All Commodities,0,False,C00,TOTAL CPC,0,0,TOTAL MOT,-1,,0.0,False,-1,,0.0,False,0.0,True,0.0,False,228351326189.0,222268793602.0,228351326189,4,False,True,
C,M,20180901,2018,9,201809,842,USA,USA,M,Import,0,W00,World,0,W00,World,H5,HS,True,TOTAL,All Commodities,0,False,C00,TOTAL CPC,0,0,TOTAL MOT,-1,,0.0,False,-1,,0.0,False,0.0,True,0.0,False,217507336101.0,211574259791.0,217507336101,4,False,True,
C,M,20181001,2018,10,201810,842,USA,USA,M,Import,0,W00,World,0,W00,World,H5,HS,True,TOTAL,All Commodities,0,False,C00,TOTAL CPC,0,0,TOTAL MOT,-1,,0.0,False,-1,,0.0,False,0.0,True,0.0,False,242876146799.0,236130162374.0,242876146799,4,False,True,
C,M,20181101,2018,11,201811,842,USA,USA,M,Import,0,W00,World,0,W00,World,H5,HS,True,TOTAL,All Commodities,0,False,C00,TOTAL CPC,0,0,TOTAL MOT,-1,,0.0,False,-1,,0.0,False,0.0,True,0.0,False,220159704279.0,214012631766.0,220159704279,4,False,True,
C,M,20181201,2018,12,201812,842,USA,USA,M,Import,0,W00,World,0,W00,World,H5,HS,True,TOTAL,All Commodities,0,False,C00,TOTAL CPC,0,0,TOTAL MOT,-1,,0.0,False,-1,,0.0,False,0.0,True,0.0,False,213210875871.0,0.0,213210875871,4,False,True,
C,M,20190101,2019,1,201901,842,USA,USA,M,Import,0,W00,World,0,W00,World,H5,HS,True,TOTAL,All Commodities,0,False,C00,TOTAL CPC,0,0,TOTAL MOT,-1,,0.0,False,-1,,0.0,False,0.0,True,0.0,False,210756593047.0,204525551205.0,210756593047,4,False,True,
C,M,20190201,2019,2,201902,842,USA,USA,M,Import,0,W00,World,0,W00,World,H5,HS,True,TOTAL,All Commodities,0,False,C00,TOTAL CPC,0,0,TOTAL MOT,-1,,0.0,False,-1,,0.0,False,0.0,True,0.0,False,191213563562.0,185824614258.0,191213563562,4,False,True,
C,M,20190301,2019,3,201903,842,USA,USA,M,Import,0,W00,World,0,W00,World,H5,HS,True,TOTAL,All Commodities,0,False,C00,TOTAL CPC,0,0,TOTAL MOT,-1,,0.0,False,-1,,0.0,False,0.0,True,0.0,False,213573036023.0,207882460741.0,213573036023,4,False,True,
C,M,20190401,2019,4,201904,842,USA,USA,M,Import,0,W00,World,0,W00,World,H5,HS,True,TOTAL,All Commodities,0,False,C00,TOTAL CPC,0,0,TOTAL MOT,-1,,0.0,False,-1,,0.0,False,0.0,True,0.0,False,214735935654.0,208924596481.0,214735935654,4,False,True,
C,M,20190501,2019,5,201905,842,USA,USA,M,Import,0,W00,World,0,W00,World,H5,HS,True,TOTAL,All Commodities,0,False,C00,TOTAL CPC,0,0,TOTAL MOT,-1,,0.0,False,-1,,0.0,False,0.0,True,0.0,False,226872440809.0,220786610851.0,226872440809,4,False,True,
C,M,20190601,2019,6,201906,842,USA,USA,M,Import,0,W00,World,0,W00,World,H5,HS,True,TOTAL,All Commodities,0,False,C00,TOTAL CPC,0,0,TOTAL MOT,-1,,0.0,False,-1,,0.0,False,0.0,True,0.0,False,213075539484.0,207402387680.0,213075539484,4,False,True,
C,M,20190701,2019,7,201907,842,USA,USA,M,Import,0,W00,World,0,W00,World,H5,HS,True,TOTAL,All Commodities,0,False,C00,TOTAL CPC,0,0,TOTAL MOT,-1,,0.0,False,-1,,0.0,False,0.0,True,0.0,False,225090933779.0,218925624041.0,225090933779,4,False,True,
C,M,20190801,2019,8,201908,842,USA,USA,M,Import,0,W00,World,0,W00,World,H5,HS,True,TOTAL,All Commodities,0,False,C00,TOTAL CPC,0,0,TOTAL MOT,-1,,0.0,False,-1,,0.0,False,0.0,True,0.0,False,221815920493.0,215747304892.0,221815920493,4,False,True,
C,M,20190901,2019,9,201909,842,USA,USA,M,Import,0,W00,World,0,W00,World,H5,HS,True,TOTAL,All Commodities,0,False,C00,TOTAL CPC,0,0,TOTAL MOT,-1,,0.0,False,-1,,0.0,False,0.0,True,0.0,False,212408805947.0,206685800334.0,212408805947,4,False,True,
C,M,20191001,2019,10,201910,842,USA,USA,M,Import,0,W00,World,0,W00,World,H5,HS,True,TOTAL,All Commodities,0,False,C00,TOTAL CPC,0,0,TOTAL MOT,-1,,0.0,False,-1,,0.0,False,0.0,True,0.0,False,225165794226.0,219209678436.0,225165794226,4,False,True,
C,M,20191101,2019,11,201911,842,USA,USA,M,Import,0,W00,World,0,W00,World,H5,HS,True,TOTAL,All Commodities,0,False,C00,TOTAL CPC,0,0,TOTAL MOT,-1,,0.0,False,-1,,0.0,False,0.0,True,0.0,False,204810957938.0,199288817914.0,204810957938,4,False,True,
C,M,20191201,2019,12,201912,842,USA,USA,M,Import,0,W00,World,0,W00,World,H5,HS,True,TOTAL,All Commodities,0,False,C00,TOTAL CPC,0,0,TOTAL MOT,-1,,0.0,False,-1,,0.0,False,0.0,True,0.0,False,207972676141.0,202296850035.0,207972676141,4,False,True,
C,M,20200101,2020,1,202001,842,USA,USA,M,Import,0,W00,World,0,W00,World,H5,HS,True,TOTAL,All Commodities,0,False,C00,TOTAL CPC,0,0,TOTAL MOT,-1,,0.0,False,-1,,0.0,False,0.0,True,0.0,False,202039927819.0,196314349315.0,202039927819,4,False,True,
C,M,20200201,2020,2,202002,842,USA,USA,M,Import,0,W00,World,0,W00,World,H5,HS,True,TOTAL,All Commodities,0,False,C00,TOTAL CPC,0,0,TOTAL MOT,-1,,0.0,False,-1,,0.0,False,0.0,True,0.0,False,183256071198.0,178231109690.0,183256071198,4,False,True,
C,M,20200301,2020,3,202003,842,USA,USA,M,Import,0,W00,World,0,W00,World,H5,HS,True,TOTAL,All Commodities,0,False,C00,TOTAL CPC,0,0,TOTAL MOT,-1,,0.0,False,-1,,0.0,False,0.0,True,0.0,False,199552338938.0,0.0,199552338938,4,False,True,
C,M,20200401,2020,4,202004,842,USA,USA,M,Import,0,W00,World,0,W00,World,H5,HS,True,TOTAL,All Commodities,0,False,C00,TOTAL CPC,0,0,TOTAL MOT,-1,,0.0,False,-1,,0.0,False,0.0,True,0.0,False,170472110871.0,0.0,170472110871,4,False,True,
C,M,20200501,2020,5,202005,842,USA,USA,M,Import,0,W00,World,0,W00,World,H5,HS,True,TOTAL,All Commodities,0,False,C00,TOTAL CPC,0,0,TOTAL MOT,-1,,0.0,False,-1,,0.0,False,0.0,True,0.0,False,168987161544.0,0.0,168987161544,4,False,True,
C,M,20200601,2020,6,202006,842,USA,USA,M,Import,0,W00,World,0,W00,World,H5,HS,True,TOTAL,All Commodities,0,False,C00,TOTAL CPC,0,0,TOTAL MOT,-1,,0.0,False,-1,,0.0,False,0.0,True,0.0,False,184886066435.0,0.0,184886066435,4,False,True,
C,M,20200701,2020,7,202007,842,USA,USA,M,Import,0,W00,World,0,W00,World,H5,HS,True,TOTAL,All Commodities,0,False,C00,TOTAL CPC,0,0,TOTAL MOT,-1,,0.0,False,-1,,0.0,False,0.0,True,0.0,False,206507506826.0,0.0,206507506826,4,False,True,
C,M,20200801,2020,8,202008,842,USA,USA,M,Import,0,W00,World,0,W00,World,H5,HS,True,TOTAL,All Commodities,0,False,C00,TOTAL CPC,0,0,TOTAL MOT,-1,,0.0,False,-1,,0.0,False,0.0,True,0.0,False,209439292560.0,0.0,209439292560,4,False,True,
C,M,20200901,2020,9,202009,842,USA,USA,M,Import,0,W00,World,0,W00,World,H5,HS,True,TOTAL,All Commodities,0,False,C00,TOTAL CPC,0,0,TOTAL MOT,-1,,0.0,False,-1,,0.0,False,0.0,True,0.0,False,212436902064.0,0.0,212436902064,4,False,True,
C,M,20201001,2020,10,202010,842,USA,USA,M,Import,0,W00,World,0,W00,World,H5,HS,True,TOTAL,All Commodities,0,False,C00,TOTAL CPC,0,0,TOTAL MOT,-1,,0.0,False,-1,,0.0,False,0.0,True,0.0,False,226163789343.0,0.0,226163789343,4,False,True,
C,M,20201101,2020,11,202011,842,USA,USA,M,Import,0,W00,World,0,W00,World,H5,HS,True,TOTAL,All Commodities,0,False,C00,TOTAL CPC,0,0,TOTAL MOT,-1,,0.0,False,-1,,0.0,False,0.0,True,0.0,False,219391292326.0,0.0,219391292326,4,False,True,
C,M,20201201,2020,12,202012,842,USA,USA,M,Import,0,W00,World,0,W00,World,H5,HS,True,TOTAL,All Commodities,0,False,C00,TOTAL CPC,0,0,TOTAL MOT,-1,,0.0,False,-1,,0.0,False,0.0,True,0.0,False,222249097743.0,0.0,222249097743,4,False,True,
C,M,20210101,2021,1,202101,842,USA,USA,M,Import,0,W00,World,0,W00,World,H5,HS,True,TOTAL,All Commodities,0,False,C00,TOTAL CPC,0,0,TOTAL MOT,-1,,0.0,False,-1,,0.0,False,0.0,True,0.0,False,211301088285.0,0.0,211301088285,4,False,True,
C,M,20210201,2021,2,202102,842,USA,USA,M,Import,0,W00,World,0,W00,World,H5,HS,True,TOTAL,All Commodities,0,False,C00,TOTAL CPC,0,0,TOTAL MOT,-1,,0.0,False,-1,,0.0,False,0.0,True,0.0,False,199824022281.0,0.0,199824022281,4,False,True,
C,M,20210301,2021,3,202103,842,USA,USA,M,Import,0,W00,World,0,W00,World,H5,HS,True,TOTAL,All Commodities,0,False,C00,TOTAL CPC,0,0,TOTAL MOT,-1,,0.0,False,-1,,0.0,False,0.0,True,0.0,False,244771065954.0,0.0,244771065954,4,False,True,
C,M,20210401,2021,4,202104,842,USA,USA,M,Import,0,W00,World,0,W00,World,H5,HS,True,TOTAL,All Commodities,0,False,C00,TOTAL CPC,0,0,TOTAL MOT,-1,,0.0,False,-1,,0.0,False,0.0,True,0.0,False,234369486938.0,0.0,234369486938,4,False,True,
C,M,20210501,2021,5,202105,842,USA,USA,M,Import,0,W00,World,0,W00,World,H5,HS,True,TOTAL,All Commodities,0,False,C00,TOTAL CPC,0,0,TOTAL MOT,-1,,0.0,False,-1,,0.0,False,0.0,True,0.0,False,238363625405.0,0.0,238363625405,4,False,True,
C,M,20210601,2021,6,202106,842,USA,USA,M,Import,0,W00,World,0,W00,World,H5,HS,True,TOTAL,All Commodities,0,False,C00,TOTAL CPC,0,0,TOTAL MOT,-1,,0.0,False,-1,,0.0,False,0.0,True,0.0,False,250995527336.0,0.0,250995527336,4,False,True,
C,M,20210701,2021,7,202107,842,USA,USA,M,Import,0,W00,World,0,W00,World,H5,HS,True,TOTAL,All Commodities,0,False,C00,TOTAL CPC,0,0,TOTAL MOT,-1,,0.0,False,-1,,0.0,False,0.0,True,0.0,False,246272679168.0,0.0,246272679168,4,False,True,
C,M,20210801,2021,8,202108,842,USA,USA,M,Import,0,W00,World,0,W00,World,H5,HS,True,TOTAL,All Commodities,0,False,C00,TOTAL CPC,0,0,TOTAL MOT,-1,,0.0,False,-1,,0.0,False,0.0,True,0.0,False,255062931259.0,0.0,255062931259,4,False,True,
C,M,20210901,2021,9,202109,842,USA,USA,M,Import,0,W00,World,0,W00,World,H5,HS,True,TOTAL,All Commodities,0,False,C00,TOTAL CPC,0,0,TOTAL MOT,-1,,0.0,False,-1,,0.0,False,0.0,True,0.0,False,253797745000.0,0.0,253797745000,4,False,True,
C,M,20211001,2021,10,202110,842,USA,USA,M,Import,0,W00,World,0,W00,World,H5,HS,True,TOTAL,All Commodities,0,False,C00,TOTAL CPC,0,0,TOTAL MOT,-1,,0.0,False,-1,,0.0,False,0.0,True,0.0,False,260844505950.0,0.0,260844505950,4,False,True,
C,M,20211101,2021,11,202111,842,USA,USA,M,Import,0,W00,World,0,W00,World,H5,HS,True,TOTAL,All Commodities,0,False,C00,TOTAL CPC,0,0,TOTAL MOT,-1,,0.0,False,-1,,0.0,False,0.0,True,0.0,False,269298997428.0,0.0,269298997428,4,False,True,
C,M,20211201,2021,12,202112,842,USA,USA,M,Import,0,W00,World,0,W00,World,H5,HS,True,TOTAL,All Commodities,0,False,C00,TOTAL CPC,0,0,TOTAL MOT,-1,,0.0,False,-1,,0.0,False,0.0,True,0.0,False,268074400222.0,0.0,268074400222,4,False,True,
C,M,20220101,2022,1,202201,842,USA,USA,M,Import,0,W00,World,0,W00,World,H6,HS,True,TOTAL,All Commodities,0,False,C00,TOTAL CPC,0,0,TOTAL MOT,-1,,0.0,False,-1,,0.0,False,0.0,False,0.0,False,258609442745.0,247951014103.0,258609442745,0,False,True,
C,M,20220201,2022,2,202202,842,USA,USA,M,Import,0,W00,World,0,W00,World,H6,HS,True,TOTAL,All Commodities,0,False,C00,TOTAL CPC,0,0,TOTAL MOT,-1,,0.0,False,-1,,0.0,False,0.0,True,0.0,False,244092041467.0,234237113508.0,244092041467,4,False,True,
C,M,20220301,2022,3,202203,842,USA,USA,M,Import,0,W00,World,0,W00,World,H6,HS,True,TOTAL,All Commodities,0,False,C00,TOTAL CPC,0,0,TOTAL MOT,-1,,0.0,False,-1,,0.0,False,0.0,True,0.0,False,308277379781.0,296721443692.0,308277379781,4,False,True,
C,M,20220401,2022,4,202204,842,USA,USA,M,Import,0,W00,World,0,W00,World,H6,HS,True,TOTAL,All Commodities,0,False,C00,TOTAL CPC,0,0,TOTAL MOT,-1,,0.0,False,-1,,0.0,False,0.0,False,0.0,False,284165596188.0,272844766053.0,284165596188,0,False,True,
C,M,20220501,2022,5,202205,842,USA,USA,M,Import,0,W00,World,0,W00,World,H6,HS,True,TOTAL,All Commodities,0,False,C00,TOTAL CPC,0,0,TOTAL MOT,-1,,0.0,False,-1,,0.0,False,0.0,False,0.0,False,296969899499.0,285144633407.0,296969899499,0,False,True,
C,M,20220601,2022,6,202206,842,USA,USA,M,Import,0,W00,World,0,W00,World,H6,HS,True,TOTAL,All Commodities,0,False,C00,TOTAL CPC,0,0,TOTAL MOT,-1,,0.0,False,-1,,0.0,False,0.0,False,0.0,False,297566169845.0,285828766249.0,297566169845,0,False,True,
C,M,20220701,2022,7,202207,842,USA,USA,M,Import,0,W00,World,0,W00,World,H6,HS,True,TOTAL,All Commodities,0,False,C00,TOTAL CPC,0,0,TOTAL MOT,-1,,0.0,False,-1,,0.0,False,0.0,False,0.0,False,282339739281.0,270883677306.0,282339739281,0,False,True,
C,M,20220801,2022,8,202208,842,USA,USA,M,Import,0,W00,World,0,W00,World,H6,HS,True,TOTAL,All Commodities,0,False,C00,TOTAL CPC,0,0,TOTAL MOT,-1,,0.0,False,-1,,0.0,False,0.0,True,0.0,False,295382209267.0,283525207759.0,295382209267,4,False,True,
C,M,20220901,2022,9,202209,842,USA,USA,M,Import,0,W00,World,0,W00,World,H6,HS,True,TOTAL,All Commodities,0,False,C00,TOTAL CPC,0,0,TOTAL MOT,-1,,0.0,False,-1,,0.0,False,0.0,False,0.0,False,286168135824.0,275187016099.0,286168135824,0,False,True,
C,M,20221001,2022,10,202210,842,USA,USA,M,Import,0,W00,World,0,W00,World,H6,HS,True,TOTAL,All Commodities,0,False,C00,TOTAL CPC,0,0,TOTAL MOT,-1,,0.0,False,-1,,0.0,False,0.0,False,0.0,False,292924411317.0,282330800868.0,292924411317,0,False,True,
C,M,20221101,2022,11,202211,842,USA,USA,M,Import,0,W00,World,0,W00,World,H6,HS,True,TOTAL,All Commodities,0,False,C00,TOTAL CPC,0,0,TOTAL MOT,-1,,0.0,False,-1,,0.0,False,0.0,False,0.0,False,265020590906.0,255838595071.0,265020590906,0,False,True,
C,M,20221201,2022,12,202212,842,USA,USA,M,Import,0,W00,World,0,W00,World,H6,HS,True,TOTAL,All Commodities,0,False,C00,TOTAL CPC,0,0,TOTAL MOT,-1,,0.0,False,-1,,0.0,False,0.0,False,0.0,False,261386549655.0,252896094051.0,261386549655,0,False,True,
C,M,20230101,2023,1,202301,842,USA,USA,M,Import,0,W00,World,0,W00,World,H6,HS,True,TOTAL,All Commodities,0,False,C00,TOTAL CPC,0,0,TOTAL MOT,-1,,0.0,False,-1,,0.0,False,,False,0.0,False,262545905373.0,254035972910.0,262545905373,0,False,True,
C,M,20230201,2023,2,202302,842,USA,USA,M,Import,0,W00,World,0,W00,World,H6,HS,True,TOTAL,All Commodities,0,False,C00,TOTAL CPC,0,0,TOTAL MOT,-1,,0.0,False,-1,,0.0,False,,False,0.0,False,237813657846.0,230520610277.0,237813657846,0,False,True,
C,M,20230301,2023,3,202303,842,USA,USA,M,Import,0,W00,World,0,W00,World,H6,HS,True,TOTAL,All Commodities,0,False,C00,TOTAL CPC,0,0,TOTAL MOT,-1,,0.0,False,-1,,0.0,False,0.0,True,0.0,False,270111501582.0,262387973081.0,270111501582,4,False,True,
C,M,20230401,2023,4,202304,842,USA,USA,M,Import,0,W00,World,0,W00,World,H6,HS,True,TOTAL,All Commodities,0,False,C00,TOTAL CPC,0,0,TOTAL MOT,-1,,0.0,False,-1,,0.0,False,,False,0.0,False,257496245015.0,250019126174.0,257496245015,0,False,True,
C,M,20230501,2023,5,202305,842,USA,USA,M,Import,0,W00,World,0,W00,World,H6,HS,True,TOTAL,All Commodities,0,False,C00,TOTAL CPC,0,0,TOTAL MOT,-1,,0.0,False,-1,,0.0,False,,False,0.0,False,271281227530.0,263710100610.0,271281227530,0,False,True,
