TypeCode,FreqCode,RefPeriodId,RefYear,RefMonth,Period,ReporterCode,ReporterISO,ReporterDesc,FlowCode,FlowDesc,PartnerCode,PartnerISO,PartnerDesc,Partner2Code,Partner2ISO,Partner2Desc,ClassificationCode,ClassificationSearchCode,IsOriginalClassification,CmdCode,CmdDesc,AggrLevel,IsLeaf,CustomsCode,CustomsDesc,MosCode,MotCode,MotDesc,QtyUnitCode,QtyUnitAbbr,Qty,IsQtyEstimated,AltQtyUnitCode,AltQtyUnitAbbr,AtlQty,IsAltQtyEstimated,NetWgt,IsNetWgtEstimated,GrossWgt,IsGrossWgtEstimated,Cifvalue,Fobvalue,PrimaryValue,LegacyEstimationFlag,IsReported,IsAggregate,Unnamed: 47
C,M,20110101,2011,1,201101,842,USA,USA,RX,Re-export,0,W00,World,0,W00,World,H3,HS,True,TOTAL,All Commodities,0,False,C00,TOTAL CPC,0,0,TOTAL MOT,-1,,0.0,False,-1,,0.0,False,0.0,False,0.0,False,0.0,13677195928.0,13677195928,0,False,True,
C,M,20110201,2011,2,201102,842,USA,USA,RX,Re-export,0,W00,World,0,W00,World,H3,HS,True,TOTAL,All Commodities,0,False,C00,TOTAL CPC,0,0,TOTAL MOT,-1,,0.0,False,-1,,0.0,False,0.0,False,0.0,False,0.0,13063415301.0,13063415301,0,False,True,
C,M,20110301,2011,3,201103,842,USA,USA,RX,Re-export,0,W00,World,0,W00,World,H3,HS,True,TOTAL,All Commodities,0,False,C00,TOTAL CPC,0,0,TOTAL MOT,-1,,0.0,False,-1,,0.0,False,0.0,False,0.0,False,0.0,15723936001.0,15723936001,0,False,True,
C,M,20110401,2011,4,201104,842,USA,USA,RX,Re-export,0,W00,World,0,W00,World,H3,HS,True,TOTAL,All Commodities,0,False,C00,TOTAL CPC,0,0,TOTAL MOT,-1,,0.0,False,-1,,0.0,False,0.0,False,0.0,False,0.0,14647853960.0,14647853960,0,False,True,
C,M,20110501,2011,5,201105,842,USA,USA,RX,Re-export,0,W00,World,0,W00,World,H3,HS,True,TOTAL,All Commodities,0,False,C00,TOTAL CPC,0,0,TOTAL MOT,-1,,0.0,False,-1,,0.0,False,0.0,False,0.0,False,0.0,14706231307.0,14706231307,0,False,True,
C,M,20110601,2011,6,201106,842,USA,USA,RX,Re-export,0,W00,World,0,W00,World,H3,HS,True,TOTAL,All Commodities,0,False,C00,TOTAL CPC,0,0,TOTAL MOT,-1,,0.0,False,-1,,0.0,False,0.0,False,0.0,False,0.0,16042855538.0,16042855538,0,False,True,
C,M,20110701,2011,7,201107,842,USA,USA,RX,Re-export,0,W00,World,0,W00,World,H3,HS,True,TOTAL,All Commodities,0,False,C00,TOTAL CPC,0,0,TOTAL MOT,-1,,0.0,False,-1,,0.0,False,0.0,False,0.0,False,0.0,14869987150.0,14869987150,0,False,True,
C,M,20110801,2011,8,201108,842,USA,USA,RX,Re-export,0,W00,World,0,W00,World,H3,HS,True,TOTAL,All Commodities,0,False,C00,TOTAL CPC,0,0,TOTAL MOT,-1,,0.0,False,-1,,0.0,False,0.0,False,0.0,False,0.0,15163359360.0,15163359360,0,False,True,
C,M,20110901,2011,9,201109,842,USA,USA,RX,Re-export,0,W00,World,0,W00,World,H3,HS,True,TOTAL,All Commodities,0,False,C00,TOTAL CPC,0,0,TOTAL MOT,-1,,0.0,False,-1,,0.0,False,0.0,False,0.0,False,0.0,16003834464.0,16003834464,0,False,True,
C,M,20111001,2011,10,201110,842,USA,USA,RX,Re-export,0,W00,World,0,W00,World,H3,HS,True,TOTAL,All Commodities,0,False,C00,TOTAL CPC,0,0,TOTAL MOT,-1,,,False,-1,,,False,,False,,False,,15962346341.0,15962346341,0,False,True,
C,M,20111101,2011,11,201111,842,USA,USA,RX,Re-export,0,W00,World,0,W00,World,H3,HS,True,TOTAL,All Commodities,0,False,C00,TOTAL CPC,0,0,TOTAL MOT,-1,,,False,-1,,,False,,False,,False,,15799800542.0,15799800542,0,False,True,
C,M,20111201,2011,12,201112,842,USA,USA,RX,Re-export,0,W00,World,0,W00,World,H3,HS,True,TOTAL,All Commodities,0,False,C00,TOTAL CPC,0,0,TOTAL MOT,-1,,,False,-1,,,False,,False,,False,,15287742483.0,15287742483,0,False,True,
C,M,20120101,2012,1,201201,842,USA,USA,RX,Re-export,0,W00,World,0,W00,World,H4,HS,True,TOTAL,All Commodities,0,False,C00,TOTAL CPC,0,0,TOTAL MOT,-1,,,False,-1,,,False,,False,,False,,14874235690.0,14874235690,0,False,True,
C,M,20120201,2012,2,201202,842,USA,USA,RX,Re-export,0,W00,World,0,W00,World,H4,HS,True,TOTAL,All Commodities,0,False,C00,TOTAL CPC,0,0,TOTAL MOT,-1,,0.0,False,-1,,0.0,False,0.0,False,0.0,False,0.0,15647392580.0,15647392580,0,False,True,
C,M,20120301,2012,3,201203,842,USA,USA,RX,Re-export,0,W00,World,0,W00,World,H4,HS,True,TOTAL,All Commodities,0,False,C00,TOTAL CPC,0,0,TOTAL MOT,-1,,0.0,False,-1,,0.0,False,0.0,False,0.0,False,0.0,17447257948.0,17447257948,0,False,True,
C,M,20120401,2012,4,201204,842,USA,USA,RX,Re-export,0,W00,World,0,W00,World,H4,HS,True,TOTAL,All Commodities,0,False,C00,TOTAL CPC,0,0,TOTAL MOT,-1,,0.0,False,-1,,0.0,False,0.0,False,0.0,False,0.0,15550700766.0,15550700766,0,False,True,
C,M,20120501,2012,5,201205,842,USA,USA,RX,Re-export,0,W00,World,0,W00,World,H4,HS,True,TOTAL,All Commodities,0,False,C00,TOTAL CPC,0,0,TOTAL MOT,-1,,0.0,False,-1,,0.0,False,0.0,False,0.0,False,0.0,16328265847.0,16328265847,0,False,True,
C,M,20120601,2012,6,201206,842,USA,USA,RX,Re-export,0,W00,World,0,W00,World,H4,HS,True,TOTAL,All Commodities,0,False,C00,TOTAL CPC,0,0,TOTAL MOT,-1,,0.0,False,-1,,0.0,False,0.0,False,0.0,False,0.0,17539922303.0,17539922303,0,False,True,
C,M,20120701,2012,7,201207,842,USA,USA,RX,Re-export,0,W00,World,0,W00,World,H4,HS,True,TOTAL,All Commodities,0,False,C00,TOTAL CPC,0,0,TOTAL MOT,-1,,0.0,False,-1,,0.0,False,0.0,False,0.0,False,0.0,14909670483.0,14909670483,0,False,True,
C,M,20120801,2012,8,201208,842,USA,USA,RX,Re-export,0,W00,World,0,W00,World,H4,HS,True,TOTAL,All Commodities,0,False,C00,TOTAL CPC,0,0,TOTAL MOT,-1,,0.0,False,-1,,0.0,False,0.0,False,0.0,False,0.0,15718115102.0,15718115102,0,False,True,
C,M,20120901,2012,9,201209,842,USA,USA,RX,Re-export,0,W00,World,0,W00,World,H4,HS,True,TOTAL,All Commodities,0,False,C00,TOTAL CPC,0,0,TOTAL MOT,-1,,0.0,False,-1,,0.0,False,0.0,False,0.0,False,0.0,15830768053.0,15830768053,0,False,True,
C,M,20121001,2012,10,201210,842,USA,USA,RX,Re-export,0,W00,World,0,W00,World,H4,HS,True,TOTAL,All Commodities,0,False,C00,TOTAL CPC,0,0,TOTAL MOT,-1,,0.0,False,-1,,0.0,False,0.0,False,0.0,False,0.0,16712758230.0,16712758230,0,False,True,
C,M,20121101,2012,11,201211,842,USA,USA,RX,Re-export,0,W00,World,0,W00,World,H4,HS,True,TOTAL,All Commodities,0,False,C00,TOTAL CPC,0,0,TOTAL MOT,-1,,0.0,False,-1,,0.0,False,0.0,False,0.0,False,0.0,16472286992.0,16472286992,0,False,True,
C,M,20121201,2012,12,201212,842,USA,USA,RX,Re-export,0,W00,World,0,W00,World,H4,HS,True,TOTAL,All Commodities,0,False,C00,TOTAL CPC,0,0,TOTAL MOT,-1,,0.0,False,-1,,0.0,False,0.0,False,0.0,False,0.0,15602449600.0,15602449600,0,False,True,
C,M,20130101,2013,1,201301,842,USA,USA,RX,Re-export,0,W00,World,0,W00,World,H4,HS,True,TOTAL,All Commodities,0,False,C00,TOTAL CPC,0,0,TOTAL MOT,-1,,0.0,False,-1,,0.0,False,0.0,False,0.0,False,0.0,15654587064.0,15654587064,0,False,True,
C,M,20130201,2013,2,201302,842,USA,USA,RX,Re-export,0,W00,World,0,W00,World,H4,HS,True,TOTAL,All Commodities,0,False,C00,TOTAL CPC,0,0,TOTAL MOT,-1,,0.0,False,-1,,0.0,False,0.0,False,0.0,False,0.0,15602559216.0,15602559216,0,False,True,
C,M,20130301,2013,3,201303,842,USA,USA,RX,Re-export,0,W00,World,0,W00,World,H4,HS,True,TOTAL,All Commodities,0,False,C00,TOTAL CPC,0,0,TOTAL MOT,-1,,0.0,False,-1,,0.0,False,0.0,False,0.0,False,0.0,16888878928.0,16888878928,0,False,True,
C,M,20130401,2013,4,201304,842,USA,USA,RX,Re-export,0,W00,World,0,W00,World,H4,HS,True,TOTAL,All Commodities,0,False,C00,TOTAL CPC,0,0,TOTAL MOT,-1,,0.0,False,-1,,0.0,False,0.0,False,0.0,False,0.0,17580697744.0,17580697744,0,False,True,
C,M,20130501,2013,5,201305,842,USA,USA,RX,Re-export,0,W00,World,0,W00,World,H4,HS,True,TOTAL,All Commodities,0,False,C00,TOTAL CPC,0,0,TOTAL MOT,-1,,0.0,False,-1,,0.0,False,0.0,False,0.0,False,0.0,17187026545.0,17187026545,0,False,True,
C,M,20130601,2013,6,201306,842,USA,USA,RX,Re-export,0,W00,World,0,W00,World,H4,HS,True,TOTAL,All Commodities,0,False,C00,TOTAL CPC,0,0,TOTAL MOT,-1,,0.0,False,-1,,0.0,False,0.0,False,0.0,False,0.0,18955689855.0,18955689855,0,False,True,
C,M,20130701,2013,7,201307,842,USA,USA,RX,Re-export,0,W00,World,0,W00,World,H4,HS,True,TOTAL,All Commodities,0,False,C00,TOTAL CPC,0,0,TOTAL MOT,-1,,0.0,False,-1,,0.0,False,0.0,False,0.0,False,0.0,17450387832.0,17450387832,0,False,True,
C,M,20130801,2013,8,201308,842,USA,USA,RX,Re-export,0,W00,World,0,W00,World,H4,HS,True,TOTAL,All Commodities,0,False,C00,TOTAL CPC,0,0,TOTAL MOT,-1,,0.0,False,-1,,0.0,False,0.0,False,0.0,False,0.0,17008400483.0,17008400483,0,False,True,
C,M,20130901,2013,9,201309,842,USA,USA,RX,Re-export,0,W00,World,0,W00,World,H4,HS,True,TOTAL,All Commodities,0,False,C00,TOTAL CPC,0,0,TOTAL MOT,-1,,0.0,False,-1,,0.0,False,0.0,False,0.0,False,0.0,16626322540.0,16626322540,0,False,True,
C,M,20131001,2013,10,201310,842,USA,USA,RX,Re-export,0,W00,World,0,W00,World,H4,HS,True,TOTAL,All Commodities,0,False,C00,TOTAL CPC,0,0,TOTAL MOT,-1,,0.0,False,-1,,0.0,False,0.0,False,0.0,False,0.0,18892376891.0,18892376891,0,False,True,
C,M,20131101,2013,11,201311,842,USA,USA,RX,Re-export,0,W00,World,0,W00,World,H4,HS,True,TOTAL,All Commodities,0,False,C00,TOTAL CPC,0,0,TOTAL MOT,-1,,0.0,False,-1,,0.0,False,0.0,False,0.0,False,0.0,17647105662.0,17647105662,0,False,True,
C,M,20131201,2013,12,201312,842,USA,USA,RX,Re-export,0,W00,World,0,W00,World,H4,HS,True,TOTAL,All Commodities,0,False,C00,TOTAL CPC,0,0,TOTAL MOT,-1,,0.0,False,-1,,0.0,False,0.0,False,0.0,False,0.0,16866080679.0,16866080679,0,False,True,
C,M,20140101,2014,1,201401,842,USA,USA,RX,Re-export,0,W00,World,0,W00,World,H4,HS,True,TOTAL,All Commodities,0,False,C00,TOTAL CPC,0,0,TOTAL MOT,-1,,0.0,False,-1,,0.0,False,0.0,False,0.0,False,0.0,16778957042.0,16778957042,0,False,True,
C,M,20140201,2014,2,201402,842,USA,USA,RX,Re-export,0,W00,World,0,W00,World,H4,HS,True,TOTAL,All Commodities,0,False,C00,TOTAL CPC,0,0,TOTAL MOT,-1,,0.0,False,-1,,0.0,False,0.0,False,0.0,False,0.0,16717239740.0,16717239740,0,False,True,
C,M,20140301,2014,3,201403,842,USA,USA,RX,Re-export,0,W00,World,0,W00,World,H4,HS,True,TOTAL,All Commodities,0,False,C00,TOTAL CPC,0,0,TOTAL MOT,-1,,0.0,False,-1,,0.0,False,0.0,False,0.0,False,0.0,19254992561.0,19254992561,0,False,True,
C,M,20140401,2014,4,201404,842,USA,USA,RX,Re-export,0,W00,World,0,W00,World,H4,HS,True,TOTAL,All Commodities,0,False,C00,TOTAL CPC,0,0,TOTAL MOT,-1,,0.0,False,-1,,0.0,False,0.0,False,0.0,False,0.0,17859967956.0,17859967956,0,False,True,
C,M,20140501,2014,5,201405,842,USA,USA,RX,Re-export,0,W00,World,0,W00,World,H4,HS,True,TOTAL,All Commodities,0,False,C00,TOTAL CPC,0,0,TOTAL MOT,-1,,0.0,False,-1,,0.0,False,0.0,False,0.0,False,0.0,18602286565.0,18602286565,0,False,True,
C,M,20140601,2014,6,201406,842,USA,USA,RX,Re-export,0,W00,World,0,W00,World,H4,HS,True,TOTAL,All Commodities,0,False,C00,TOTAL CPC,0,0,TOTAL MOT,-1,,0.0,False,-1,,0.0,False,0.0,False,0.0,False,0.0,19801110834.0,19801110834,0,False,True,
C,M,20140701,2014,7,201407,842,USA,USA,RX,Re-export,0,W00,World,0,W00,World,H4,HS,True,TOTAL,All Commodities,0,False,C00,TOTAL CPC,0,0,TOTAL MOT,-1,,0.0,False,-1,,0.0,False,0.0,False,0.0,False,0.0,18037418048.0,18037418048,0,False,True,
C,M,20140801,2014,8,201408,842,USA,USA,RX,Re-export,0,W00,World,0,W00,World,H4,HS,True,TOTAL,All Commodities,0,False,C00,TOTAL CPC,0,0,TOTAL MOT,-1,,0.0,False,-1,,0.0,False,0.0,False,0.0,False,0.0,17912302093.0,17912302093,0,False,True,
C,M,20140901,2014,9,201409,842,USA,USA,RX,Re-export,0,W00,World,0,W00,World,H4,HS,True,TOTAL,All Commodities,0,False,C00,TOTAL CPC,0,0,TOTAL MOT,-1,,0.0,False,-1,,0.0,False,0.0,False,0.0,False,0.0,18750620218.0,18750620218,0,False,True,
C,M,20141001,2014,10,201410,842,USA,USA,RX,Re-export,0,W00,World,0,W00,World,H4,HS,True,TOTAL,All Commodities,0,False,C00,TOTAL CPC,0,0,TOTAL MOT,-1,,0.0,False,-1,,0.0,False,0.0,False,0.0,False,0.0,20171998085.0,20171998085,0,False,True,
C,M,20141101,2014,11,201411,842,USA,USA,RX,Re-export,0,W00,World,0,W00,World,H4,HS,True,TOTAL,All Commodities,0,False,C00,TOTAL CPC,0,0,TOTAL MOT,-1,,0.0,False,-1,,0.0,False,0.0,False,0.0,False,0.0,18496436416.0,18496436416,0,False,True,
C,M,20141201,2014,12,201412,842,USA,USA,RX,Re-export,0,W00,World,0,W00,World,H4,HS,True,TOTAL,All Commodities,0,False,C00,TOTAL CPC,0,0,TOTAL MOT,-1,,0.0,False,-1,,0.0,False,0.0,False,0.0,False,0.0,18300247399.0,18300247399,0,False,True,
C,M,20150101,2015,1,201501,842,USA,USA,RX,Re-export,0,W00,World,0,W00,World,H4,HS,True,TOTAL,All Commodities,0,False,C00,TOTAL CPC,0,0,TOTAL MOT,-1,,0.0,False,-1,,0.0,False,0.0,False,0.0,False,0.0,17038928461.0,17038928461,0,False,True,
C,M,20150201,2015,2,201502,842,USA,USA,RX,Re-export,0,W00,World,0,W00,World,H4,HS,True,TOTAL,All Commodities,0,False,C00,TOTAL CPC,0,0,TOTAL MOT,-1,,0.0,False,-1,,0.0,False,0.0,False,0.0,False,0.0,17323362095.0,17323362095,0,False,True,
C,M,20150301,2015,3,201503,842,USA,USA,RX,Re-export,0,W00,World,0,W00,World,H4,HS,True,TOTAL,All Commodities,0,False,C00,TOTAL CPC,0,0,TOTAL MOT,-1,,0.0,False,-1,,0.0,False,0.0,False,0.0,False,0.0,18537152650.0,18537152650,0,False,True,
C,M,20150401,2015,4,201504,842,USA,USA,RX,Re-export,0,W00,World,0,W00,World,H4,HS,True,TOTAL,All Commodities,0,False,C00,TOTAL CPC,0,0,TOTAL MOT,-1,,0.0,False,-1,,0.0,False,0.0,False,0.0,False,0.0,17186480132.0,17186480132,0,False,True,
C,M,20150501,2015,5,201505,842,USA,USA,RX,Re-export,0,W00,World,0,W00,World,H4,HS,True,TOTAL,All Commodities,0,False,C00,TOTAL CPC,0,0,TOTAL MOT,-1,,0.0,False,-1,,0.0,False,0.0,False,0.0,False,0.0,17519474119.0,17519474119,0,False,True,
C,M,20150601,2015,6,201506,842,USA,USA,RX,Re-export,0,W00,World,0,W00,World,H4,HS,True,TOTAL,All Commodities,0,False,C00,TOTAL CPC,0,0,TOTAL MOT,-1,,0.0,False,-1,,0.0,False,0.0,False,0.0,False,0.0,19533788213.0,19533788213,0,False,True,
C,M,20150701,2015,7,201507,842,USA,USA,RX,Re-export,0,W00,World,0,W00,World,H4,HS,True,TOTAL,All Commodities,0,False,C00,TOTAL CPC,0,0,TOTAL MOT,-1,,0.0,False,-1,,0.0,False,0.0,False,0.0,False,0.0,17654518212.0,17654518212,0,False,True,
C,M,20150801,2015,8,201508,842,USA,USA,RX,Re-export,0,W00,World,0,W00,World,H4,HS,True,TOTAL,All Commodities,0,False,C00,TOTAL CPC,0,0,TOTAL MOT,-1,,0.0,False,-1,,0.0,False,0.0,False,0.0,False,0.0,16541250224.0,16541250224,0,False,True,
C,M,20150901,2015,9,201509,842,USA,USA,RX,Re-export,0,W00,World,0,W00,World,H4,HS,True,TOTAL,All Commodities,0,False,C00,TOTAL CPC,0,0,TOTAL MOT,-1,,0.0,False,-1,,0.0,False,0.0,False,0.0,False,0.0,18563562252.0,18563562252,0,False,True,
C,M,20151001,2015,10,201510,842,USA,USA,RX,Re-export,0,W00,World,0,W00,World,H4,HS,True,TOTAL,All Commodities,0,False,C00,TOTAL CPC,0,0,TOTAL MOT,-1,,0.0,False,-1,,0.0,False,0.0,False,0.0,False,0.0,18996953295.0,18996953295,0,False,True,
C,M,20151101,2015,11,201511,842,USA,USA,RX,Re-export,0,W00,World,0,W00,World,H4,HS,True,TOTAL,All Commodities,0,False,C00,TOTAL CPC,0,0,TOTAL MOT,-1,,0.0,False,-1,,0.0,False,0.0,False,0.0,False,0.0,17480931149.0,17480931149,0,False,True,
C,M,20151201,2015,12,201512,842,USA,USA,RX,Re-export,0,W00,World,0,W00,World,H4,HS,True,TOTAL,All Commodities,0,False,C00,TOTAL CPC,0,0,TOTAL MOT,-1,,0.0,False,-1,,0.0,False,0.0,False,0.0,False,0.0,18759892208.0,18759892208,0,False,True,
C,M,20160101,2016,1,201601,842,USA,USA,RX,Re-export,0,W00,World,0,W00,World,H4,HS,True,TOTAL,All Commodities,0,False,C00,TOTAL CPC,0,0,TOTAL MOT,-1,,0.0,False,-1,,0.0,False,0.0,False,0.0,False,0.0,16608329751.0,16608329751,0,False,True,
C,M,20160201,2016,2,201602,842,USA,USA,RX,Re-export,0,W00,World,0,W00,World,H4,HS,True,TOTAL,All Commodities,0,False,C00,TOTAL CPC,0,0,TOTAL MOT,-1,,0.0,False,-1,,0.0,False,0.0,False,0.0,False,0.0,18024964134.0,18024964134,0,False,True,
C,M,20160301,2016,3,201603,842,USA,USA,RX,Re-export,0,W00,World,0,W00,World,H4,HS,True,TOTAL,All Commodities,0,False,C00,TOTAL CPC,0,0,TOTAL MOT,-1,,0.0,False,-1,,0.0,False,0.0,False,0.0,False,0.0,19313949013.0,19313949013,0,False,True,
C,M,20160401,2016,4,201604,842,USA,USA,RX,Re-export,0,W00,World,0,W00,World,H4,HS,True,TOTAL,All Commodities,0,False,C00,TOTAL CPC,0,0,TOTAL MOT,-1,,0.0,False,-1,,0.0,False,0.0,False,0.0,False,0.0,17961172021.0,17961172021,0,False,True,
C,M,20160501,2016,5,201605,842,USA,USA,RX,Re-export,0,W00,World,0,W00,World,H4,HS,True,TOTAL,All Commodities,0,False,C00,TOTAL CPC,0,0,TOTAL MOT,-1,,0.0,False,-1,,0.0,False,0.0,False,0.0,False,0.0,17396498751.0,17396498751,0,False,True,
C,M,20160601,2016,6,201606,842,USA,USA,RX,Re-export,0,W00,World,0,W00,World,H4,HS,True,TOTAL,All Commodities,0,False,C00,TOTAL CPC,0,0,TOTAL MOT,-1,,0.0,False,-1,,0.0,False,0.0,False,0.0,False,0.0,20190972187.0,20190972187,0,False,True,
C,M,20160701,2016,7,201607,842,USA,USA,RX,Re-export,0,W00,World,0,W00,World,H4,HS,True,TOTAL,All Commodities,0,False,C00,TOTAL CPC,0,0,TOTAL MOT,-1,,0.0,False,-1,,0.0,False,0.0,False,0.0,False,0.0,17800915994.0,17800915994,0,False,True,
C,M,20160801,2016,8,201608,842,USA,USA,RX,Re-export,0,W00,World,0,W00,World,H4,HS,True,TOTAL,All Commodities,0,False,C00,TOTAL CPC,0,0,TOTAL MOT,-1,,0.0,False,-1,,0.0,False,0.0,False,0.0,False,0.0,18395594370.0,18395594370,0,False,True,
C,M,20160901,2016,9,201609,842,USA,USA,RX,Re-export,0,W00,World,0,W00,World,H4,HS,True,TOTAL,All Commodities,0,False,C00,TOTAL CPC,0,0,TOTAL MOT,-1,,0.0,False,-1,,0.0,False,0.0,False,0.0,False,0.0,20259141946.0,20259141946,0,False,True,
C,M,20161001,2016,10,201610,842,USA,USA,RX,Re-export,0,W00,World,0,W00,World,H4,HS,True,TOTAL,All Commodities,0,False,C00,TOTAL CPC,0,0,TOTAL MOT,-1,,0.0,False,-1,,0.0,False,0.0,False,0.0,False,0.0,19429925192.0,19429925192,0,False,True,
C,M,20161101,2016,11,201611,842,USA,USA,RX,Re-export,0,W00,World,0,W00,World,H4,HS,True,TOTAL,All Commodities,0,False,C00,TOTAL CPC,0,0,TOTAL MOT,-1,,0.0,False,-1,,0.0,False,0.0,False,0.0,False,0.0,19358847946.0,19358847946,0,False,True,
C,M,20161201,2016,12,201612,842,USA,USA,RX,Re-export,0,W00,World,0,W00,World,H4,HS,True,TOTAL,All Commodities,0,False,C00,TOTAL CPC,0,0,TOTAL MOT,-1,,0.0,False,-1,,0.0,False,0.0,False,0.0,False,0.0,19423460457.0,19423460457,0,False,True,
C,M,20170101,2017,1,201701,842,USA,USA,RX,Re-export,0,W00,World,0,W00,World,H5,HS,True,TOTAL,All Commodities,0,False,C00,TOTAL CPC,0,0,TOTAL MOT,-1,,0.0,False,-1,,0.0,False,0.0,False,0.0,False,0.0,17815951569.0,17815951569,0,False,True,
C,M,20170201,2017,2,201702,842,USA,USA,RX,Re-export,0,W00,World,0,W00,World,H5,HS,True,TOTAL,All Commodities,0,False,C00,TOTAL CPC,0,0,TOTAL MOT,-1,,0.0,False,-1,,0.0,False,0.0,False,0.0,False,0.0,18498123092.0,18498123092,0,False,True,
C,M,20170301,2017,3,201703,842,USA,USA,RX,Re-export,0,W00,World,0,W00,World,H5,HS,True,TOTAL,All Commodities,0,False,C00,TOTAL CPC,0,0,TOTAL MOT,-1,,0.0,False,-1,,0.0,False,0.0,False,0.0,False,0.0,20887268042.0,20887268042,0,False,True,
C,M,20170401,2017,4,201704,842,USA,USA,RX,Re-export,0,W00,World,0,W00,World,H5,HS,True,TOTAL,All Commodities,0,False,C00,TOTAL CPC,0,0,TOTAL MOT,-1,,0.0,False,-1,,0.0,False,0.0,False,0.0,False,0.0,17884610884.0,17884610884,0,False,True,
C,M,20170501,2017,5,201705,842,USA,USA,RX,Re-export,0,W00,World,0,W00,World,H5,HS,True,TOTAL,All Commodities,0,False,C00,TOTAL CPC,0,0,TOTAL MOT,-1,,0.0,False,-1,,0.0,False,0.0,False,0.0,False,0.0,19208651430.0,19208651430,0,False,True,
C,M,20170601,2017,6,201706,842,USA,USA,RX,Re-export,0,W00,World,0,W00,World,H5,HS,True,TOTAL,All Commodities,0,False,C00,TOTAL CPC,0,0,TOTAL MOT,-1,,0.0,False,-1,,0.0,False,0.0,False,0.0,False,0.0,22102510732.0,22102510732,0,False,True,
C,M,20170701,2017,7,201707,842,USA,USA,RX,Re-export,0,W00,World,0,W00,World,H5,HS,True,TOTAL,All Commodities,0,False,C00,TOTAL CPC,0,0,TOTAL MOT,-1,,0.0,False,-1,,0.0,False,0.0,False,0.0,False,0.0,18546093778.0,18546093778,0,False,True,
C,M,20170801,2017,8,201708,842,USA,USA,RX,Re-export,0,W00,World,0,W00,World,H5,HS,True,TOTAL,All Commodities,0,False,C00,TOTAL CPC,0,0,TOTAL MOT,-1,,0.0,False,-1,,0.0,False,0.0,False,0.0,False,0.0,19564072159.0,19564072159,0,False,True,
C,M,20170901,2017,9,201709,842,USA,USA,RX,Re-export,0,W00,World,0,W00,World,H5,HS,True,TOTAL,All Commodities,0,False,C00,TOTAL CPC,0,0,TOTAL MOT,-1,,0.0,False,-1,,0.0,False,0.0,False,0.0,False,0.0,20576021721.0,20576021721,0,False,True,
C,M,20171001,2017,10,201710,842,USA,USA,RX,Re-export,0,W00,World,0,W00,World,H5,HS,True,TOTAL,All Commodities,0,False,C00,TOTAL CPC,0,0,TOTAL MOT,-1,,0.0,False,-1,,0.0,False,0.0,False,0.0,False,0.0,20957525958.0,20957525958,0,False,True,
C,M,20171101,2017,11,201711,842,USA,USA,RX,Re-export,0,W00,World,0,W00,World,H5,HS,True,TOTAL,All Commodities,0,False,C00,TOTAL CPC,0,0,TOTAL MOT,-1,,0.0,False,-1,,0.0,False,0.0,False,0.0,False,0.0,21310296514.0,21310296514,0,False,True,
C,M,20171201,2017,12,201712,842,USA,USA,RX,Re-export,0,W00,World,0,W00,World,H5,HS,True,TOTAL,All Commodities,0,False,C00,TOTAL CPC,0,0,TOTAL MOT,-1,,0.0,False,-1,,0.0,False,0.0,False,0.0,False,0.0,20847430206.0,20847430206,0,False,True,
C,M,20180101,2018,1,201801,842,USA,USA,RX,Re-export,0,W00,World,0,W00,World,H5,HS,True,TOTAL,All Commodities,0,False,C00,TOTAL CPC,0,0,TOTAL MOT,-1,,0.0,False,-1,,0.0,False,0.0,False,0.0,False,0.0,20361165831.0,20361165831,0,False,True,
C,M,20180201,2018,2,201802,842,USA,USA,RX,Re-export,0,W00,World,0,W00,World,H5,HS,True,TOTAL,All Commodities,0,False,C00,TOTAL CPC,0,0,TOTAL MOT,-1,,0.0,False,-1,,0.0,False,0.0,False,0.0,False,0.0,19766186266.0,19766186266,0,False,True,
C,M,20180301,2018,3,201803,842,USA,USA,RX,Re-export,0,W00,World,0,W00,World,H5,HS,True,TOTAL,All Commodities,0,False,C00,TOTAL CPC,0,0,TOTAL MOT,-1,,0.0,False,-1,,0.0,False,0.0,False,0.0,False,0.0,22100453767.0,22100453767,0,False,True,
C,M,20180401,2018,4,201804,842,USA,USA,RX,Re-export,0,W00,World,0,W00,World,H5,HS,True,TOTAL,All Commodities,0,False,C00,TOTAL CPC,0,0,TOTAL MOT,-1,,0.0,False,-1,,0.0,False,0.0,False,0.0,False,0.0,20369031590.0,20369031590,0,False,True,
C,M,20180501,2018,5,201805,842,USA,USA,RX,Re-export,0,W00,World,0,W00,World,H5,HS,True,TOTAL,All Commodities,0,False,C00,TOTAL CPC,0,0,TOTAL MOT,-1,,0.0,False,-1,,0.0,False,0.0,False,0.0,False,0.0,21380955973.0,21380955973,0,False,True,
C,M,20180601,2018,6,201806,842,USA,USA,RX,Re-export,0,W00,World,0,W00,World,H5,HS,True,TOTAL,All Commodities,0,False,C00,TOTAL CPC,0,0,TOTAL MOT,-1,,0.0,False,-1,,0.0,False,0.0,False,0.0,False,0.0,22683943926.0,22683943926,0,False,True,
C,M,20180701,2018,7,201807,842,USA,USA,RX,Re-export,0,W00,World,0,W00,World,H5,HS,True,TOTAL,All Commodities,0,False,C00,TOTAL CPC,0,0,TOTAL MOT,-1,,0.0,False,-1,,0.0,False,0.0,False,0.0,False,0.0,19475716677.0,19475716677,0,False,True,
C,M,20180801,2018,8,201808,842,USA,USA,RX,Re-export,0,W00,World,0,W00,World,H5,HS,True,TOTAL,All Commodities,0,False,C00,TOTAL CPC,0,0,TOTAL MOT,-1,,0.0,False,-1,,0.0,False,0.0,False,0.0,False,0.0,20472409984.0,20472409984,0,False,True,
C,M,20180901,2018,9,201809,842,USA,USA,RX,Re-export,0,W00,World,0,W00,World,H5,HS,True,TOTAL,All Commodities,0,False,C00,TOTAL CPC,0,0,TOTAL MOT,-1,,0.0,False,-1,,0.0,False,0.0,False,0.0,False,0.0,20834739081.0,20834739081,0,False,True,
C,M,20181001,2018,10,201810,842,USA,USA,RX,Re-export,0,W00,World,0,W00,World,H5,HS,True,TOTAL,All Commodities,0,False,C00,TOTAL CPC,0,0,TOTAL MOT,-1,,0.0,False,-1,,0.0,False,0.0,False,0.0,False,0.0,23087491510.0,23087491510,0,False,True,
C,M,20181101,2018,11,201811,842,USA,USA,RX,Re-export,0,W00,World,0,W00,World,H5,HS,True,TOTAL,All Commodities,0,False,C00,TOTAL CPC,0,0,TOTAL MOT,-1,,0.0,False,-1,,0.0,False,0.0,False,0.0,False,0.0,22077167965.0,22077167965,0,False,True,
C,M,20181201,2018,12,201812,842,USA,USA,RX,Re-export,0,W00,World,0,W00,World,H5,HS,True,TOTAL,All Commodities,0,False,C00,TOTAL CPC,0,0,TOTAL MOT,-1,,0.0,False,-1,,0.0,False,0.0,False,0.0,False,0.0,19440084024.0,19440084024,0,False,True,
C,M,20190101,2019,1,201901,842,USA,USA,RX,Re-export,0,W00,World,0,W00,World,H5,HS,True,TOTAL,All Commodities,0,False,C00,TOTAL CPC,0,0,TOTAL MOT,-1,,0.0,False,-1,,0.0,False,0.0,False,0.0,False,0.0,20746418594.0,20746418594,0,False,True,
C,M,20190201,2019,2,201902,842,USA,USA,RX,Re-export,0,W00,World,0,W00,World,H5,HS,True,TOTAL,All Commodities,0,False,C00,TOTAL CPC,0,0,TOTAL MOT,-1,,0.0,False,-1,,0.0,False,0.0,False,0.0,False,0.0,19868167874.0,19868167874,0,False,True,
C,M,20190301,2019,3,201903,842,USA,USA,RX,Re-export,0,W00,World,0,W00,World,H5,HS,True,TOTAL,All Commodities,0,False,C00,TOTAL CPC,0,0,TOTAL MOT,-1,,0.0,False,-1,,0.0,False,0.0,False,0.0,False,0.0,22357866674.0,22357866674,0,False,True,
C,M,20190401,2019,4,201904,842,USA,USA,RX,Re-export,0,W00,World,0,W00,World,H5,HS,True,TOTAL,All Commodities,0,False,C00,TOTAL CPC,0,0,TOTAL MOT,-1,,0.0,False,-1,,0.0,False,0.0,False,0.0,False,0.0,20362569421.0,20362569421,0,False,True,
C,M,20190501,2019,5,201905,842,USA,USA,RX,Re-export,0,W00,World,0,W00,World,H5,HS,True,TOTAL,All Commodities,0,False,C00,TOTAL CPC,0,0,TOTAL MOT,-1,,0.0,False,-1,,0.0,False,0.0,False,0.0,False,0.0,21326596801.0,21326596801,0,False,True,
C,M,20190601,2019,6,201906,842,USA,USA,RX,Re-export,0,W00,World,0,W00,World,H5,HS,True,TOTAL,All Commodities,0,False,C00,TOTAL CPC,0,0,TOTAL MOT,-1,,0.0,False,-1,,0.0,False,0.0,False,0.0,False,0.0,21720730787.0,21720730787,0,False,True,
C,M,20190701,2019,7,201907,842,USA,USA,RX,Re-export,0,W00,World,0,W00,World,H5,HS,True,TOTAL,All Commodities,0,False,C00,TOTAL CPC,0,0,TOTAL MOT,-1,,0.0,False,-1,,0.0,False,0.0,False,0.0,False,0.0,19978175206.0,19978175206,0,False,True,
C,M,20190801,2019,8,201908,842,USA,USA,RX,Re-export,0,W00,World,0,W00,World,H5,HS,True,TOTAL,All Commodities,0,False,C00,TOTAL CPC,0,0,TOTAL MOT,-1,,0.0,False,-1,,0.0,False,0.0,False,0.0,False,0.0,20441134038.0,20441134038,0,False,True,
C,M,20190901,2019,9,201909,842,USA,USA,RX,Re-export,0,W00,World,0,W00,World,H5,HS,True,TOTAL,All Commodities,0,False,C00,TOTAL CPC,0,0,TOTAL MOT,-1,,0.0,False,-1,,0.0,False,0.0,False,0.0,False,0.0,20727537663.0,20727537663,0,False,True,
C,M,20191001,2019,10,201910,842,USA,USA,RX,Re-export,0,W00,World,0,W00,World,H5,HS,True,TOTAL,All Commodities,0,False,C00,TOTAL CPC,0,0,TOTAL MOT,-1,,0.0,False,-1,,0.0,False,0.0,False,0.0,False,0.0,21544448975.0,21544448975,0,False,True,
C,M,20191101,2019,11,201911,842,USA,USA,RX,Re-export,0,W00,World,0,W00,World,H5,HS,True,TOTAL,All Commodities,0,False,C00,TOTAL CPC,0,0,TOTAL MOT,-1,,0.0,False,-1,,0.0,False,0.0,False,0.0,False,0.0,20975273268.0,20975273268,0,False,True,
C,M,20191201,2019,12,201912,842,USA,USA,RX,Re-export,0,W00,World,0,W00,World,H5,HS,True,TOTAL,All Commodities,0,False,C00,TOTAL CPC,0,0,TOTAL MOT,-1,,0.0,False,-1,,0.0,False,0.0,False,0.0,False,0.0,19764759198.0,19764759198,0,False,True,
C,M,20200101,2020,1,202001,842,USA,USA,RX,Re-export,0,W00,World,0,W00,World,H5,HS,True,TOTAL,All Commodities,0,False,C00,TOTAL CPC,0,0,TOTAL MOT,-1,,0.0,False,-1,,0.0,False,0.0,False,0.0,False,0.0,19657089768.0,19657089768,0,False,True,
C,M,20200201,2020,2,202002,842,USA,USA,RX,Re-export,0,W00,World,0,W00,World,H5,HS,True,TOTAL,All Commodities,0,False,C00,TOTAL CPC,0,0,TOTAL MOT,-1,,0.0,False,-1,,0.0,False,0.0,False,0.0,False,0.0,19382518081.0,19382518081,0,False,True,
C,M,20200301,2020,3,202003,842,USA,USA,RX,Re-export,0,W00,World,0,W00,World,H5,HS,True,TOTAL,All Commodities,0,False,C00,TOTAL CPC,0,0,TOTAL MOT,-1,,0.0,False,-1,,0.0,False,0.0,False,0.0,False,0.0,19289548767.0,19289548767,0,False,True,
C,M,20200401,2020,4,202004,842,USA,USA,RX,Re-export,0,W00,World,0,W00,World,H5,HS,True,TOTAL,All Commodities,0,False,C00,TOTAL CPC,0,0,TOTAL MOT,-1,,0.0,False,-1,,0.0,False,0.0,False,0.0,False,0.0,14068653149.0,14068653149,0,False,True,
C,M,20200501,2020,5,202005,842,USA,USA,RX,Re-export,0,W00,World,0,W00,World,H5,HS,True,TOTAL,All Commodities,0,False,C00,TOTAL CPC,0,0,TOTAL MOT,-1,,0.0,False,-1,,0.0,False,0.0,False,0.0,False,0.0,13150212561.0,13150212561,0,False,True,
C,M,20200601,2020,6,202006,842,USA,USA,RX,Re-export,0,W00,World,0,W00,World,H5,HS,True,TOTAL,All Commodities,0,False,C00,TOTAL CPC,0,0,TOTAL MOT,-1,,0.0,False,-1,,0.0,False,0.0,False,0.0,False,0.0,17199750100.0,17199750100,0,False,True,
C,M,20200701,2020,7,202007,842,USA,USA,RX,Re-export,0,W00,World,0,W00,World,H5,HS,True,TOTAL,All Commodities,0,False,C00,TOTAL CPC,0,0,TOTAL MOT,-1,,0.0,False,-1,,0.0,False,0.0,False,0.0,False,0.0,18889307540.0,18889307540,0,False,True,
C,M,20200801,2020,8,202008,842,USA,USA,RX,Re-export,0,W00,World,0,W00,World,H5,HS,True,TOTAL,All Commodities,0,False,C00,TOTAL CPC,0,0,TOTAL MOT,-1,,0.0,False,-1,,0.0,False,0.0,False,0.0,False,0.0,18755409156.0,18755409156,0,False,True,
C,M,20200901,2020,9,202009,842,USA,USA,RX,Re-export,0,W00,World,0,W00,World,H5,HS,True,TOTAL,All Commodities,0,False,C00,TOTAL CPC,0,0,TOTAL MOT,-1,,0.0,False,-1,,0.0,False,0.0,False,0.0,False,0.0,19856348934.0,19856348934,0,False,True,
C,M,20201001,2020,10,202010,842,USA,USA,RX,Re-export,0,W00,World,0,W00,World,H5,HS,True,TOTAL,All Commodities,0,False,C00,TOTAL CPC,0,0,TOTAL MOT,-1,,0.0,False,-1,,0.0,False,0.0,True,0.0,False,0.0,21697499959.0,21697499959,4,False,True,
C,M,20201101,2020,11,202011,842,USA,USA,RX,Re-export,0,W00,World,0,W00,World,H5,HS,True,TOTAL,All Commodities,0,False,C00,TOTAL CPC,0,0,TOTAL MOT,-1,,0.0,False,-1,,0.0,False,0.0,True,0.0,False,0.0,20230170803.0,20230170803,4,False,True,
C,M,20201201,2020,12,202012,842,USA,USA,RX,Re-export,0,W00,World,0,W00,World,H5,HS,True,TOTAL,All Commodities,0,False,C00,TOTAL CPC,0,0,TOTAL MOT,-1,,0.0,False,-1,,0.0,False,0.0,True,0.0,False,0.0,20959753239.0,20959753239,4,False,True,
C,M,20210101,2021,1,202101,842,USA,USA,RX,Re-export,0,W00,World,0,W00,World,H5,HS,True,TOTAL,All Commodities,0,False,C00,TOTAL CPC,0,0,TOTAL MOT,-1,,0.0,False,-1,,0.0,False,0.0,True,0.0,False,0.0,20555664085.0,20555664085,4,False,True,
C,M,20210201,2021,2,202102,842,USA,USA,RX,Re-export,0,W00,World,0,W00,World,H5,HS,True,TOTAL,All Commodities,0,False,C00,TOTAL CPC,0,0,TOTAL MOT,-1,,0.0,False,-1,,0.0,False,0.0,True,0.0,False,0.0,18618158491.0,18618158491,4,False,True,
C,M,20210301,2021,3,202103,842,USA,USA,RX,Re-export,0,W00,World,0,W00,World,H5,HS,True,TOTAL,All Commodities,0,False,C00,TOTAL CPC,0,0,TOTAL MOT,-1,,0.0,False,-1,,0.0,False,0.0,True,0.0,False,0.0,25412782690.0,25412782690,4,False,True,
C,M,20210401,2021,4,202104,842,USA,USA,RX,Re-export,0,W00,World,0,W00,World,H5,HS,True,TOTAL,All Commodities,0,False,C00,TOTAL CPC,0,0,TOTAL MOT,-1,,0.0,False,-1,,0.0,False,0.0,True,0.0,False,0.0,22659761010.0,22659761010,4,False,True,
C,M,20210501,2021,5,202105,842,USA,USA,RX,Re-export,0,W00,World,0,W00,World,H5,HS,True,TOTAL,All Commodities,0,False,C00,TOTAL CPC,0,0,TOTAL MOT,-1,,0.0,False,-1,,0.0,False,0.0,True,0.0,False,0.0,22364369820.0,22364369820,4,False,True,
C,M,20210601,2021,6,202106,842,USA,USA,RX,Re-export,0,W00,World,0,W00,World,H5,HS,True,TOTAL,All Commodities,0,False,C00,TOTAL CPC,0,0,TOTAL MOT,-1,,0.0,False,-1,,0.0,False,0.0,True,0.0,False,0.0,23064508473.0,23064508473,4,False,True,
C,M,20210701,2021,7,202107,842,USA,USA,RX,Re-export,0,W00,World,0,W00,World,H5,HS,True,TOTAL,All Commodities,0,False,C00,TOTAL CPC,0,0,TOTAL MOT,-1,,0.0,False,-1,,0.0,False,0.0,True,0.0,False,0.0,22428764389.0,22428764389,4,False,True,
C,M,20210801,2021,8,202108,842,USA,USA,RX,Re-export,0,W00,World,0,W00,World,H5,HS,True,TOTAL,All Commodities,0,False,C00,TOTAL CPC,0,0,TOTAL MOT,-1,,0.0,False,-1,,0.0,False,0.0,False,0.0,False,0.0,22930814242.0,22930814242,0,False,True,
C,M,20210901,2021,9,202109,842,USA,USA,RX,Re-export,0,W00,World,0,W00,World,H5,HS,True,TOTAL,All Commodities,0,False,C00,TOTAL CPC,0,0,TOTAL MOT,-1,,0.0,False,-1,,0.0,False,0.0,False,0.0,False,0.0,22281203694.0,22281203694,0,False,True,
C,M,20211001,2021,10,202110,842,USA,USA,RX,Re-export,0,W00,World,0,W00,World,H5,HS,True,TOTAL,All Commodities,0,False,C00,TOTAL CPC,0,0,TOTAL MOT,-1,,0.0,False,-1,,0.0,False,0.0,False,0.0,False,0.0,26375237112.0,26375237112,0,False,True,
C,M,20211101,2021,11,202111,842,USA,USA,RX,Re-export,0,W00,World,0,W00,World,H5,HS,True,TOTAL,All Commodities,0,False,C00,TOTAL CPC,0,0,TOTAL MOT,-1,,0.0,False,-1,,0.0,False,0.0,False,0.0,False,0.0,22834211480.0,22834211480,0,False,True,
C,M,20211201,2021,12,202112,842,USA,USA,RX,Re-export,0,W00,World,0,W00,World,H5,HS,True,TOTAL,All Commodities,0,False,C00,TOTAL CPC,0,0,TOTAL MOT,-1,,0.0,False,-1,,0.0,False,0.0,True,0.0,False,0.0,25012214646.0,25012214646,4,False,True,
C,M,20220101,2022,1,202201,842,USA,USA,RX,Re-export,0,W00,World,0,W00,World,H6,HS,True,TOTAL,All Commodities,0,False,C00,TOTAL CPC,0,0,TOTAL MOT,-1,,0.0,False,-1,,0.0,False,0.0,False,0.0,False,0.0,23747847266.0,23747847266,0,False,True,
C,M,20220201,2022,2,202202,842,USA,USA,RX,Re-export,0,W00,World,0,W00,World,H6,HS,True,TOTAL,All Commodities,0,False,C00,TOTAL CPC,0,0,TOTAL MOT,-1,,0.0,False,-1,,0.0,False,,False,0.0,False,,23608437397.0,23608437397,0,False,True,
C,M,20220301,2022,3,202203,842,USA,USA,RX,Re-export,0,W00,World,0,W00,World,H6,HS,True,TOTAL,All Commodities,0,False,C00,TOTAL CPC,0,0,TOTAL MOT,-1,,0.0,False,-1,,0.0,False,0.0,True,0.0,False,,27739038334.0,27739038334,4,False,True,
C,M,20220401,2022,4,202204,842,USA,USA,RX,Re-export,0,W00,World,0,W00,World,H6,HS,True,TOTAL,All Commodities,0,False,C00,TOTAL CPC,0,0,TOTAL MOT,-1,,0.0,False,-1,,0.0,False,0.0,False,0.0,False,0.0,25320820828.0,25320820828,0,False,True,
C,M,20220501,2022,5,202205,842,USA,USA,RX,Re-export,0,W00,World,0,W00,World,H6,HS,True,TOTAL,All Commodities,0,False,C00,TOTAL CPC,0,0,TOTAL MOT,-1,,0.0,False,-1,,0.0,False,0.0,False,0.0,False,0.0,25528831751.0,25528831751,0,False,True,
C,M,20220601,2022,6,202206,842,USA,USA,RX,Re-export,0,W00,World,0,W00,World,H6,HS,True,TOTAL,All Commodities,0,False,C00,TOTAL CPC,0,0,TOTAL MOT,-1,,0.0,False,-1,,0.0,False,0.0,False,0.0,False,0.0,27646298669.0,27646298669,0,False,True,
C,M,20220701,2022,7,202207,842,USA,USA,RX,Re-export,0,W00,World,0,W00,World,H6,HS,True,TOTAL,All Commodities,0,False,C00,TOTAL CPC,0,0,TOTAL MOT,-1,,0.0,False,-1,,0.0,False,0.0,False,0.0,False,0.0,28148955589.0,28148955589,0,False,True,
C,M,20220801,2022,8,202208,842,USA,USA,RX,Re-export,0,W00,World,0,W00,World,H6,HS,True,TOTAL,All Commodities,0,False,C00,TOTAL CPC,0,0,TOTAL MOT,-1,,0.0,False,-1,,0.0,False,0.0,False,0.0,False,0.0,27418546356.0,27418546356,0,False,True,
C,M,20220901,2022,9,202209,842,USA,USA,RX,Re-export,0,W00,World,0,W00,World,H6,HS,True,TOTAL,All Commodities,0,False,C00,TOTAL CPC,0,0,TOTAL MOT,-1,,0.0,False,-1,,0.0,False,0.0,False,0.0,False,0.0,28222847545.0,28222847545,0,False,True,
C,M,20221001,2022,10,202210,842,USA,USA,RX,Re-export,0,W00,World,0,W00,World,H6,HS,True,TOTAL,All Commodities,0,False,C00,TOTAL CPC,0,0,TOTAL MOT,-1,,0.0,False,-1,,0.0,False,0.0,False,0.0,False,0.0,29157729652.0,29157729652,0,False,True,
C,M,20221101,2022,11,202211,842,USA,USA,RX,Re-export,0,W00,World,0,W00,World,H6,HS,True,TOTAL,All Commodities,0,False,C00,TOTAL CPC,0,0,TOTAL MOT,-1,,0.0,False,-1,,0.0,False,0.0,True,0.0,False,0.0,26859177673.0,26859177673,4,False,True,
C,M,20221201,2022,12,202212,842,USA,USA,RX,Re-export,0,W00,World,0,W00,World,H6,HS,True,TOTAL,All Commodities,0,False,C00,TOTAL CPC,0,0,TOTAL MOT,-1,,0.0,False,-1,,0.0,False,0.0,False,0.0,False,0.0,24880553879.0,24880553879,0,False,True,
C,M,20230101,2023,1,202301,842,USA,USA,RX,Re-export,0,W00,World,0,W00,World,H6,HS,True,TOTAL,All Commodities,0,False,C00,TOTAL CPC,0,0,TOTAL MOT,-1,,0.0,False,-1,,0.0,False,,False,0.0,False,,26444546287.0,26444546287,0,False,True,
C,M,20230201,2023,2,202302,842,USA,USA,RX,Re-export,0,W00,World,0,W00,World,H6,HS,True,TOTAL,All Commodities,0,False,C00,TOTAL CPC,0,0,TOTAL MOT,-1,,0.0,False,-1,,0.0,False,,False,0.0,False,,26494345573.0,26494345573,0,False,True,
C,M,20230301,2023,3,202303,842,USA,USA,RX,Re-export,0,W00,World,0,W00,World,H6,HS,True,TOTAL,All Commodities,0,False,C00,TOTAL CPC,0,0,TOTAL MOT,-1,,0.0,False,-1,,0.0,False,,False,0.0,False,,30280936028.0,30280936028,0,False,True,
C,M,20230401,2023,4,202304,842,USA,USA,RX,Re-export,0,W00,World,0,W00,World,H6,HS,True,TOTAL,All Commodities,0,False,C00,TOTAL CPC,0,0,TOTAL MOT,-1,,0.0,False,-1,,0.0,False,,False,0.0,False,,25690060501.0,25690060501,0,False,True,
C,M,20230501,2023,5,202305,842,USA,USA,RX,Re-export,0,W00,World,0,W00,World,H6,HS,True,TOTAL,All Commodities,0,False,C00,TOTAL CPC,0,0,TOTAL MOT,-1,,0.0,False,-1,,0.0,False,0.0,True,0.0,False,,26513009601.0,26513009601,4,False,True,
