TypeCode,FreqCode,RefPeriodId,RefYear,RefMonth,Period,ReporterCode,ReporterISO,ReporterDesc,FlowCode,FlowDesc,PartnerCode,PartnerISO,PartnerDesc,Partner2Code,Partner2ISO,Partner2Desc,ClassificationCode,ClassificationSearchCode,IsOriginalClassification,CmdCode,CmdDesc,AggrLevel,IsLeaf,CustomsCode,CustomsDesc,MosCode,MotCode,MotDesc,QtyUnitCode,QtyUnitAbbr,Qty,IsQtyEstimated,AltQtyUnitCode,AltQtyUnitAbbr,AtlQty,IsAltQtyEstimated,NetWgt,IsNetWgtEstimated,GrossWgt,IsGrossWgtEstimated,Cifvalue,Fobvalue,PrimaryValue,LegacyEstimationFlag,IsReported,IsAggregate,Unnamed: 47
C,M,20110101,2011,1,201101,842,USA,USA,X,Export,0,W00,World,0,W00,World,H3,HS,True,TOTAL,All Commodities,0,False,C00,TOTAL CPC,0,0,TOTAL MOT,-1,,0.0,False,-1,,0.0,False,0.0,False,0.0,False,0.0,110200815743.0,110200815743,0,False,True,
C,M,20110201,2011,2,201102,842,USA,USA,X,Export,0,W00,World,0,W00,World,H3,HS,True,TOTAL,All Commodities,0,False,C00,TOTAL CPC,0,0,TOTAL MOT,-1,,0.0,False,-1,,0.0,False,0.0,False,0.0,False,0.0,109745138312.0,109745138312,0,False,True,
C,M,20110301,2011,3,201103,842,USA,USA,X,Export,0,W00,World,0,W00,World,H3,HS,True,TOTAL,All Commodities,0,False,C00,TOTAL CPC,0,0,TOTAL MOT,-1,,0.0,False,-1,,0.0,False,0.0,False,0.0,False,0.0,131010674491.0,131010674491,0,False,True,
C,M,20110401,2011,4,201104,842,USA,USA,X,Export,0,W00,World,0,W00,World,H3,HS,True,TOTAL,All Commodities,0,False,C00,TOTAL CPC,0,0,TOTAL MOT,-1,,0.0,False,-1,,0.0,False,0.0,False,0.0,False,0.0,123752794272.0,123752794272,0,False,True,
C,M,20110501,2011,5,201105,842,USA,USA,X,Export,0,W00,World,0,W00,World,H3,HS,True,TOTAL,All Commodities,0,False,C00,TOTAL CPC,0,0,TOTAL MOT,-1,,0.0,False,-1,,0.0,False,0.0,False,0.0,False,0.0,123812686212.0,123812686212,0,False,True,
C,M,20110601,2011,6,201106,842,USA,USA,X,Export,0,W00,World,0,W00,World,H3,HS,True,TOTAL,All Commodities,0,False,C00,TOTAL CPC,0,0,TOTAL MOT,-1,,0.0,False,-1,,0.0,False,0.0,False,0.0,False,0.0,122880455194.0,122880455194,0,False,True,
C,M,20110701,2011,7,201107,842,USA,USA,X,Export,0,W00,World,0,W00,World,H3,HS,True,TOTAL,All Commodities,0,False,C00,TOTAL CPC,0,0,TOTAL MOT,-1,,0.0,False,-1,,0.0,False,0.0,False,0.0,False,0.0,120429505660.0,120429505660,0,False,True,
C,M,20110801,2011,8,201108,842,USA,USA,X,Export,0,W00,World,0,W00,World,H3,HS,True,TOTAL,All Commodities,0,False,C00,TOTAL CPC,0,0,TOTAL MOT,-1,,0.0,False,-1,,0.0,False,0.0,False,0.0,False,0.0,126650327371.0,126650327371,0,False,True,
C,M,20110901,2011,9,201109,842,USA,USA,X,Export,0,W00,World,0,W00,World,H3,HS,True,TOTAL,All Commodities,0,False,C00,TOTAL CPC,0,0,TOTAL MOT,-1,,0.0,False,-1,,0.0,False,0.0,False,0.0,False,0.0,127094342446.0,127094342446,0,False,True,
C,M,20111001,2011,10,201110,842,USA,USA,X,Export,0,W00,World,0,W00,World,H3,HS,True,TOTAL,All Commodities,0,False,C00,TOTAL CPC,0,0,TOTAL MOT,-1,,,False,-1,,,False,,False,,False,,130949828728.0,130949828728,0,False,True,
C,M,20111101,2011,11,201111,842,USA,USA,X,Export,0,W00,World,0,W00,World,H3,HS,True,TOTAL,All Commodities,0,False,C00,TOTAL CPC,0,0,TOTAL MOT,-1,,,False,-1,,,False,,False,,False,,126418247758.0,126418247758,0,False,True,
C,M,20111201,2011,12,201112,842,USA,USA,X,Export,0,W00,World,0,W00,World,H3,HS,True,TOTAL,All Commodities,0,False,C00,TOTAL CPC,0,0,TOTAL MOT,-1,,,False,-1,,,False,,False,,False,,126785352705.0,126785352705,0,False,True,
C,M,20120101,2012,1,201201,842,USA,USA,X,Export,0,W00,World,0,W00,World,H4,HS,True,TOTAL,All Commodities,0,False,C00,TOTAL CPC,0,0,TOTAL MOT,-1,,,False,-1,,,False,,False,,False,,118156544582.0,118156544582,0,False,True,
C,M,20120201,2012,2,201202,842,USA,USA,X,Export,0,W00,World,0,W00,World,H4,HS,True,TOTAL,All Commodities,0,False,C00,TOTAL CPC,0,0,TOTAL MOT,-1,,0.0,False,-1,,0.0,False,0.0,False,0.0,False,0.0,123448585034.0,123448585034,0,False,True,
C,M,20120301,2012,3,201203,842,USA,USA,X,Export,0,W00,World,0,W00,World,H4,HS,True,TOTAL,All Commodities,0,False,C00,TOTAL CPC,0,0,TOTAL MOT,-1,,0.0,False,-1,,0.0,False,0.0,False,0.0,False,0.0,139760502675.0,139760502675,0,False,True,
C,M,20120401,2012,4,201204,842,USA,USA,X,Export,0,W00,World,0,W00,World,H4,HS,True,TOTAL,All Commodities,0,False,C00,TOTAL CPC,0,0,TOTAL MOT,-1,,0.0,False,-1,,0.0,False,0.0,False,0.0,False,0.0,127377156294.0,127377156294,0,False,True,
C,M,20120501,2012,5,201205,842,USA,USA,X,Export,0,W00,World,0,W00,World,H4,HS,True,TOTAL,All Commodities,0,False,C00,TOTAL CPC,0,0,TOTAL MOT,-1,,0.0,False,-1,,0.0,False,0.0,False,0.0,False,0.0,131457194003.0,131457194003,0,False,True,
C,M,20120601,2012,6,201206,842,USA,USA,X,Export,0,W00,World,0,W00,World,H4,HS,True,TOTAL,All Commodities,0,False,C00,TOTAL CPC,0,0,TOTAL MOT,-1,,0.0,False,-1,,0.0,False,0.0,False,0.0,False,0.0,132782028092.0,132782028092,0,False,True,
C,M,20120701,2012,7,201207,842,USA,USA,X,Export,0,W00,World,0,W00,World,H4,HS,True,TOTAL,All Commodities,0,False,C00,TOTAL CPC,0,0,TOTAL MOT,-1,,0.0,False,-1,,0.0,False,0.0,False,0.0,False,0.0,121608175744.0,121608175744,0,False,True,
C,M,20120801,2012,8,201208,842,USA,USA,X,Export,0,W00,World,0,W00,World,H4,HS,True,TOTAL,All Commodities,0,False,C00,TOTAL CPC,0,0,TOTAL MOT,-1,,0.0,False,-1,,0.0,False,0.0,False,0.0,False,0.0,128365716565.0,128365716565,0,False,True,
C,M,20120901,2012,9,201209,842,USA,USA,X,Export,0,W00,World,0,W00,World,H4,HS,True,TOTAL,All Commodities,0,False,C00,TOTAL CPC,0,0,TOTAL MOT,-1,,0.0,False,-1,,0.0,False,0.0,False,0.0,False,0.0,128267980419.0,128267980419,0,False,True,
C,M,20121001,2012,10,201210,842,USA,USA,X,Export,0,W00,World,0,W00,World,H4,HS,True,TOTAL,All Commodities,0,False,C00,TOTAL CPC,0,0,TOTAL MOT,-1,,0.0,False,-1,,0.0,False,0.0,False,0.0,False,0.0,133725948096.0,133725948096,0,False,True,
C,M,20121101,2012,11,201211,842,USA,USA,X,Export,0,W00,World,0,W00,World,H4,HS,True,TOTAL,All Commodities,0,False,C00,TOTAL CPC,0,0,TOTAL MOT,-1,,0.0,False,-1,,0.0,False,0.0,False,0.0,False,0.0,130138996840.0,130138996840,0,False,True,
C,M,20121201,2012,12,201212,842,USA,USA,X,Export,0,W00,World,0,W00,World,H4,HS,True,TOTAL,All Commodities,0,False,C00,TOTAL CPC,0,0,TOTAL MOT,-1,,0.0,False,-1,,0.0,False,0.0,False,0.0,False,0.0,130476357327.0,130476357327,0,False,True,
C,M,20130101,2013,1,201301,842,USA,USA,X,Export,0,W00,World,0,W00,World,H4,HS,True,TOTAL,All Commodities,0,False,C00,TOTAL CPC,0,0,TOTAL MOT,-1,,0.0,False,-1,,0.0,False,0.0,False,0.0,False,0.0,123216535071.0,123216535071,0,False,True,
C,M,20130201,2013,2,201302,842,USA,USA,X,Export,0,W00,World,0,W00,World,H4,HS,True,TOTAL,All Commodities,0,False,C00,TOTAL CPC,0,0,TOTAL MOT,-1,,0.0,False,-1,,0.0,False,0.0,False,0.0,False,0.0,123550055435.0,123550055435,0,False,True,
C,M,20130301,2013,3,201303,842,USA,USA,X,Export,0,W00,World,0,W00,World,H4,HS,True,TOTAL,All Commodities,0,False,C00,TOTAL CPC,0,0,TOTAL MOT,-1,,0.0,False,-1,,0.0,False,0.0,False,0.0,False,0.0,136359059708.0,136359059708,0,False,True,
C,M,20130401,2013,4,201304,842,USA,USA,X,Export,0,W00,World,0,W00,World,H4,HS,True,TOTAL,All Commodities,0,False,C00,TOTAL CPC,0,0,TOTAL MOT,-1,,0.0,False,-1,,0.0,False,0.0,False,0.0,False,0.0,129599139223.0,129599139223,0,False,True,
C,M,20130501,2013,5,201305,842,USA,USA,X,Export,0,W00,World,0,W00,World,H4,HS,True,TOTAL,All Commodities,0,False,C00,TOTAL CPC,0,0,TOTAL MOT,-1,,0.0,False,-1,,0.0,False,0.0,False,0.0,False,0.0,132914964350.0,132914964350,0,False,True,
C,M,20130601,2013,6,201306,842,USA,USA,X,Export,0,W00,World,0,W00,World,H4,HS,True,TOTAL,All Commodities,0,False,C00,TOTAL CPC,0,0,TOTAL MOT,-1,,0.0,False,-1,,0.0,False,0.0,False,0.0,False,0.0,134910570026.0,134910570026,0,False,True,
C,M,20130701,2013,7,201307,842,USA,USA,X,Export,0,W00,World,0,W00,World,H4,HS,True,TOTAL,All Commodities,0,False,C00,TOTAL CPC,0,0,TOTAL MOT,-1,,0.0,False,-1,,0.0,False,0.0,False,0.0,False,0.0,127552297360.0,127552297360,0,False,True,
C,M,20130801,2013,8,201308,842,USA,USA,X,Export,0,W00,World,0,W00,World,H4,HS,True,TOTAL,All Commodities,0,False,C00,TOTAL CPC,0,0,TOTAL MOT,-1,,0.0,False,-1,,0.0,False,0.0,False,0.0,False,0.0,132341753920.0,132341753920,0,False,True,
C,M,20130901,2013,9,201309,842,USA,USA,X,Export,0,W00,World,0,W00,World,H4,HS,True,TOTAL,All Commodities,0,False,C00,TOTAL CPC,0,0,TOTAL MOT,-1,,0.0,False,-1,,0.0,False,0.0,False,0.0,False,0.0,128610916705.0,128610916705,0,False,True,
C,M,20131001,2013,10,201310,842,USA,USA,X,Export,0,W00,World,0,W00,World,H4,HS,True,TOTAL,All Commodities,0,False,C00,TOTAL CPC,0,0,TOTAL MOT,-1,,0.0,False,-1,,0.0,False,0.0,False,0.0,False,0.0,141394800000.0,141394800000,0,False,True,
C,M,20131101,2013,11,201311,842,USA,USA,X,Export,0,W00,World,0,W00,World,H4,HS,True,TOTAL,All Commodities,0,False,C00,TOTAL CPC,0,0,TOTAL MOT,-1,,0.0,False,-1,,0.0,False,0.0,False,0.0,False,0.0,136744379388.0,136744379388,0,False,True,
C,M,20131201,2013,12,201312,842,USA,USA,X,Export,0,W00,World,0,W00,World,H4,HS,True,TOTAL,All Commodities,0,False,C00,TOTAL CPC,0,0,TOTAL MOT,-1,,0.0,False,-1,,0.0,False,0.0,False,0.0,False,0.0,130806890714.0,130806890714,0,False,True,
C,M,20140101,2014,1,201401,842,USA,USA,X,Export,0,W00,World,0,W00,World,H4,HS,True,TOTAL,All Commodities,0,False,C00,TOTAL CPC,0,0,TOTAL MOT,-1,,0.0,False,-1,,0.0,False,0.0,False,0.0,False,0.0,127431068423.0,127431068423,0,False,True,
C,M,20140201,2014,2,201402,842,USA,USA,X,Export,0,W00,World,0,W00,World,H4,HS,True,TOTAL,All Commodities,0,False,C00,TOTAL CPC,0,0,TOTAL MOT,-1,,0.0,False,-1,,0.0,False,0.0,False,0.0,False,0.0,123884008510.0,123884008510,0,False,True,
C,M,20140301,2014,3,201403,842,USA,USA,X,Export,0,W00,World,0,W00,World,H4,HS,True,TOTAL,All Commodities,0,False,C00,TOTAL CPC,0,0,TOTAL MOT,-1,,0.0,False,-1,,0.0,False,0.0,False,0.0,False,0.0,141888293520.0,141888293520,0,False,True,
C,M,20140401,2014,4,201404,842,USA,USA,X,Export,0,W00,World,0,W00,World,H4,HS,True,TOTAL,All Commodities,0,False,C00,TOTAL CPC,0,0,TOTAL MOT,-1,,0.0,False,-1,,0.0,False,0.0,False,0.0,False,0.0,133799264464.0,133799264464,0,False,True,
C,M,20140501,2014,5,201405,842,USA,USA,X,Export,0,W00,World,0,W00,World,H4,HS,True,TOTAL,All Commodities,0,False,C00,TOTAL CPC,0,0,TOTAL MOT,-1,,0.0,False,-1,,0.0,False,0.0,False,0.0,False,0.0,138150356042.0,138150356042,0,False,True,
C,M,20140601,2014,6,201406,842,USA,USA,X,Export,0,W00,World,0,W00,World,H4,HS,True,TOTAL,All Commodities,0,False,C00,TOTAL CPC,0,0,TOTAL MOT,-1,,0.0,False,-1,,0.0,False,0.0,False,0.0,False,0.0,138370598053.0,138370598053,0,False,True,
C,M,20140701,2014,7,201407,842,USA,USA,X,Export,0,W00,World,0,W00,World,H4,HS,True,TOTAL,All Commodities,0,False,C00,TOTAL CPC,0,0,TOTAL MOT,-1,,0.0,False,-1,,0.0,False,0.0,False,0.0,False,0.0,133263080699.0,133263080699,0,False,True,
C,M,20140801,2014,8,201408,842,USA,USA,X,Export,0,W00,World,0,W00,World,H4,HS,True,TOTAL,All Commodities,0,False,C00,TOTAL CPC,0,0,TOTAL MOT,-1,,0.0,False,-1,,0.0,False,0.0,False,0.0,False,0.0,138003605824.0,138003605824,0,False,True,
C,M,20140901,2014,9,201409,842,USA,USA,X,Export,0,W00,World,0,W00,World,H4,HS,True,TOTAL,All Commodities,0,False,C00,TOTAL CPC,0,0,TOTAL MOT,-1,,0.0,False,-1,,0.0,False,0.0,False,0.0,False,0.0,133416948355.0,133416948355,0,False,True,
C,M,20141001,2014,10,201410,842,USA,USA,X,Export,0,W00,World,0,W00,World,H4,HS,True,TOTAL,All Commodities,0,False,C00,TOTAL CPC,0,0,TOTAL MOT,-1,,0.0,False,-1,,0.0,False,0.0,False,0.0,False,0.0,145277703997.0,145277703997,0,False,True,
C,M,20141101,2014,11,201411,842,USA,USA,X,Export,0,W00,World,0,W00,World,H4,HS,True,TOTAL,All Commodities,0,False,C00,TOTAL CPC,0,0,TOTAL MOT,-1,,0.0,False,-1,,0.0,False,0.0,False,0.0,False,0.0,135339275061.0,135339275061,0,False,True,
C,M,20141201,2014,12,201412,842,USA,USA,X,Export,0,W00,World,0,W00,World,H4,HS,True,TOTAL,All Commodities,0,False,C00,TOTAL CPC,0,0,TOTAL MOT,-1,,0.0,False,-1,,0.0,False,0.0,False,0.0,False,0.0,133833257768.0,133833257768,0,False,True,
C,M,20150101,2015,1,201501,842,USA,USA,X,Export,0,W00,World,0,W00,World,H4,HS,True,TOTAL,All Commodities,0,False,C00,TOTAL CPC,0,0,TOTAL MOT,-1,,0.0,False,-1,,0.0,False,0.0,False,0.0,False,0.0,121439383029.0,121439383029,0,False,True,
C,M,20150201,2015,2,201502,842,USA,USA,X,Export,0,W00,World,0,W00,World,H4,HS,True,TOTAL,All Commodities,0,False,C00,TOTAL CPC,0,0,TOTAL MOT,-1,,0.0,False,-1,,0.0,False,0.0,False,0.0,False,0.0,118286046530.0,118286046530,0,False,True,
C,M,20150301,2015,3,201503,842,USA,USA,X,Export,0,W00,World,0,W00,World,H4,HS,True,TOTAL,All Commodities,0,False,C00,TOTAL CPC,0,0,TOTAL MOT,-1,,0.0,False,-1,,0.0,False,0.0,False,0.0,False,0.0,133281207416.0,133281207416,0,False,True,
C,M,20150401,2015,4,201504,842,USA,USA,X,Export,0,W00,World,0,W00,World,H4,HS,True,TOTAL,All Commodities,0,False,C00,TOTAL CPC,0,0,TOTAL MOT,-1,,0.0,False,-1,,0.0,False,0.0,False,0.0,False,0.0,128247315144.0,128247315144,0,False,True,
C,M,20150501,2015,5,201505,842,USA,USA,X,Export,0,W00,World,0,W00,World,H4,HS,True,TOTAL,All Commodities,0,False,C00,TOTAL CPC,0,0,TOTAL MOT,-1,,0.0,False,-1,,0.0,False,0.0,False,0.0,False,0.0,128142016091.0,128142016091,0,False,True,
C,M,20150601,2015,6,201506,842,USA,USA,X,Export,0,W00,World,0,W00,World,H4,HS,True,TOTAL,All Commodities,0,False,C00,TOTAL CPC,0,0,TOTAL MOT,-1,,0.0,False,-1,,0.0,False,0.0,False,0.0,False,0.0,130946483350.0,130946483350,0,False,True,
C,M,20150701,2015,7,201507,842,USA,USA,X,Export,0,W00,World,0,W00,World,H4,HS,True,TOTAL,All Commodities,0,False,C00,TOTAL CPC,0,0,TOTAL MOT,-1,,0.0,False,-1,,0.0,False,0.0,False,0.0,False,0.0,124094043067.0,124094043067,0,False,True,
C,M,20150801,2015,8,201508,842,USA,USA,X,Export,0,W00,World,0,W00,World,H4,HS,True,TOTAL,All Commodities,0,False,C00,TOTAL CPC,0,0,TOTAL MOT,-1,,0.0,False,-1,,0.0,False,0.0,False,0.0,False,0.0,123021273830.0,123021273830,0,False,True,
C,M,20150901,2015,9,201509,842,USA,USA,X,Export,0,W00,World,0,W00,World,H4,HS,True,TOTAL,All Commodities,0,False,C00,TOTAL CPC,0,0,TOTAL MOT,-1,,0.0,False,-1,,0.0,False,0.0,False,0.0,False,0.0,125330879433.0,125330879433,0,False,True,
C,M,20151001,2015,10,201510,842,USA,USA,X,Export,0,W00,World,0,W00,World,H4,HS,True,TOTAL,All Commodities,0,False,C00,TOTAL CPC,0,0,TOTAL MOT,-1,,0.0,False,-1,,0.0,False,0.0,False,0.0,False,0.0,130558801837.0,130558801837,0,False,True,
C,M,20151101,2015,11,201511,842,USA,USA,X,Export,0,W00,World,0,W00,World,H4,HS,True,TOTAL,All Commodities,0,False,C00,TOTAL CPC,0,0,TOTAL MOT,-1,,0.0,False,-1,,0.0,False,0.0,False,0.0,False,0.0,120682409319.0,120682409319,0,False,True,
C,M,20151201,2015,12,201512,842,USA,USA,X,Export,0,W00,World,0,W00,World,H4,HS,True,TOTAL,All Commodities,0,False,C00,TOTAL CPC,0,0,TOTAL MOT,-1,,0.0,False,-1,,0.0,False,0.0,False,0.0,False,0.0,119840579272.0,119840579272,0,False,True,
C,M,20160101,2016,1,201601,842,USA,USA,X,Export,0,W00,World,0,W00,World,H4,HS,True,TOTAL,All Commodities,0,False,C00,TOTAL CPC,0,0,TOTAL MOT,-1,,0.0,False,-1,,0.0,False,0.0,True,0.0,False,0.0,107875755013.0,107875755013,4,False,True,
C,M,20160201,2016,2,201602,842,USA,USA,X,Export,0,W00,World,0,W00,World,H4,HS,True,TOTAL,All Commodities,0,False,C00,TOTAL CPC,0,0,TOTAL MOT,-1,,0.0,False,-1,,0.0,False,0.0,True,0.0,False,0.0,113429505346.0,113429505346,4,False,True,
C,M,20160301,2016,3,201603,842,USA,USA,X,Export,0,W00,World,0,W00,World,H4,HS,True,TOTAL,All Commodities,0,False,C00,TOTAL CPC,0,0,TOTAL MOT,-1,,0.0,False,-1,,0.0,False,0.0,True,0.0,False,0.0,125480434122.0,125480434122,4,False,True,
C,M,20160401,2016,4,201604,842,USA,USA,X,Export,0,W00,World,0,W00,World,H4,HS,True,TOTAL,All Commodities,0,False,C00,TOTAL CPC,0,0,TOTAL MOT,-1,,0.0,False,-1,,0.0,False,0.0,True,0.0,False,0.0,118659919379.0,118659919379,4,False,True,
C,M,20160501,2016,5,201605,842,USA,USA,X,Export,0,W00,World,0,W00,World,H4,HS,True,TOTAL,All Commodities,0,False,C00,TOTAL CPC,0,0,TOTAL MOT,-1,,0.0,False,-1,,0.0,False,0.0,True,0.0,False,0.0,119570205510.0,119570205510,4,False,True,
C,M,20160601,2016,6,201606,842,USA,USA,X,Export,0,W00,World,0,W00,World,H4,HS,True,TOTAL,All Commodities,0,False,C00,TOTAL CPC,0,0,TOTAL MOT,-1,,0.0,False,-1,,0.0,False,0.0,True,0.0,False,0.0,125067918292.0,125067918292,4,False,True,
C,M,20160701,2016,7,201607,842,USA,USA,X,Export,0,W00,World,0,W00,World,H4,HS,True,TOTAL,All Commodities,0,False,C00,TOTAL CPC,0,0,TOTAL MOT,-1,,0.0,False,-1,,0.0,False,0.0,True,0.0,False,0.0,115775187293.0,115775187293,4,False,True,
C,M,20160801,2016,8,201608,842,USA,USA,X,Export,0,W00,World,0,W00,World,H4,HS,True,TOTAL,All Commodities,0,False,C00,TOTAL CPC,0,0,TOTAL MOT,-1,,0.0,False,-1,,0.0,False,0.0,True,0.0,False,0.0,122619384394.0,122619384394,4,False,True,
C,M,20160901,2016,9,201609,842,USA,USA,X,Export,0,W00,World,0,W00,World,H4,HS,True,TOTAL,All Commodities,0,False,C00,TOTAL CPC,0,0,TOTAL MOT,-1,,0.0,False,-1,,0.0,False,0.0,True,0.0,False,0.0,124440266680.0,124440266680,4,False,True,
C,M,20161001,2016,10,201610,842,USA,USA,X,Export,0,W00,World,0,W00,World,H4,HS,True,TOTAL,All Commodities,0,False,C00,TOTAL CPC,0,0,TOTAL MOT,-1,,0.0,False,-1,,0.0,False,0.0,True,0.0,False,0.0,128473623776.0,128473623776,4,False,True,
C,M,20161101,2016,11,201611,842,USA,USA,X,Export,0,W00,World,0,W00,World,H4,HS,True,TOTAL,All Commodities,0,False,C00,TOTAL CPC,0,0,TOTAL MOT,-1,,0.0,False,-1,,0.0,False,0.0,True,0.0,False,0.0,122950910135.0,122950910135,4,False,True,
C,M,20161201,2016,12,201612,842,USA,USA,X,Export,0,W00,World,0,W00,World,H4,HS,True,TOTAL,All Commodities,0,False,C00,TOTAL CPC,0,0,TOTAL MOT,-1,,0.0,False,-1,,0.0,False,0.0,True,0.0,False,0.0,126563163016.0,126563163016,4,False,True,
C,M,20170101,2017,1,201701,842,USA,USA,X,Export,0,W00,World,0,W00,World,H5,HS,True,TOTAL,All Commodities,0,False,C00,TOTAL CPC,0,0,TOTAL MOT,-1,,0.0,False,-1,,0.0,False,0.0,True,0.0,False,0.0,117391160933.0,117391160933,4,False,True,
C,M,20170201,2017,2,201702,842,USA,USA,X,Export,0,W00,World,0,W00,World,H5,HS,True,TOTAL,All Commodities,0,False,C00,TOTAL CPC,0,0,TOTAL MOT,-1,,0.0,False,-1,,0.0,False,0.0,True,0.0,False,0.0,119200449106.0,119200449106,4,False,True,
C,M,20170301,2017,3,201703,842,USA,USA,X,Export,0,W00,World,0,W00,World,H5,HS,True,TOTAL,All Commodities,0,False,C00,TOTAL CPC,0,0,TOTAL MOT,-1,,0.0,False,-1,,0.0,False,0.0,True,0.0,False,0.0,135824770604.0,135824770604,4,False,True,
C,M,20170401,2017,4,201704,842,USA,USA,X,Export,0,W00,World,0,W00,World,H5,HS,True,TOTAL,All Commodities,0,False,C00,TOTAL CPC,0,0,TOTAL MOT,-1,,0.0,False,-1,,0.0,False,0.0,True,0.0,False,0.0,123802015204.0,123802015204,4,False,True,
C,M,20170501,2017,5,201705,842,USA,USA,X,Export,0,W00,World,0,W00,World,H5,HS,True,TOTAL,All Commodities,0,False,C00,TOTAL CPC,0,0,TOTAL MOT,-1,,0.0,False,-1,,0.0,False,0.0,True,0.0,False,0.0,127720287249.0,127720287249,4,False,True,
C,M,20170601,2017,6,201706,842,USA,USA,X,Export,0,W00,World,0,W00,World,H5,HS,True,TOTAL,All Commodities,0,False,C00,TOTAL CPC,0,0,TOTAL MOT,-1,,0.0,False,-1,,0.0,False,0.0,True,0.0,False,0.0,132697892894.0,132697892894,4,False,True,
C,M,20170701,2017,7,201707,842,USA,USA,X,Export,0,W00,World,0,W00,World,H5,HS,True,TOTAL,All Commodities,0,False,C00,TOTAL CPC,0,0,TOTAL MOT,-1,,0.0,False,-1,,0.0,False,0.0,True,0.0,False,0.0,122074198895.0,122074198895,4,False,True,
C,M,20170801,2017,8,201708,842,USA,USA,X,Export,0,W00,World,0,W00,World,H5,HS,True,TOTAL,All Commodities,0,False,C00,TOTAL CPC,0,0,TOTAL MOT,-1,,0.0,False,-1,,0.0,False,0.0,True,0.0,False,0.0,129131227632.0,129131227632,4,False,True,
C,M,20170901,2017,9,201709,842,USA,USA,X,Export,0,W00,World,0,W00,World,H5,HS,True,TOTAL,All Commodities,0,False,C00,TOTAL CPC,0,0,TOTAL MOT,-1,,0.0,False,-1,,0.0,False,0.0,True,0.0,False,0.0,130225414170.0,130225414170,4,False,True,
C,M,20171001,2017,10,201710,842,USA,USA,X,Export,0,W00,World,0,W00,World,H5,HS,True,TOTAL,All Commodities,0,False,C00,TOTAL CPC,0,0,TOTAL MOT,-1,,0.0,False,-1,,0.0,False,0.0,True,0.0,False,0.0,136147513436.0,136147513436,4,False,True,
C,M,20171101,2017,11,201711,842,USA,USA,X,Export,0,W00,World,0,W00,World,H5,HS,True,TOTAL,All Commodities,0,False,C00,TOTAL CPC,0,0,TOTAL MOT,-1,,0.0,False,-1,,0.0,False,0.0,True,0.0,False,0.0,135436296756.0,135436296756,4,False,True,
C,M,20171201,2017,12,201712,842,USA,USA,X,Export,0,W00,World,0,W00,World,H5,HS,True,TOTAL,All Commodities,0,False,C00,TOTAL CPC,0,0,TOTAL MOT,-1,,0.0,False,-1,,0.0,False,0.0,True,0.0,False,0.0,135957931612.0,135957931612,4,False,True,
C,M,20180101,2018,1,201801,842,USA,USA,X,Export,0,W00,World,0,W00,World,H5,HS,True,TOTAL,All Commodities,0,False,C00,TOTAL CPC,0,0,TOTAL MOT,-1,,0.0,False,-1,,0.0,False,0.0,True,0.0,False,0.0,124905531961.0,124905531961,4,False,True,
C,M,20180201,2018,2,201802,842,USA,USA,X,Export,0,W00,World,0,W00,World,H5,HS,True,TOTAL,All Commodities,0,False,C00,TOTAL CPC,0,0,TOTAL MOT,-1,,0.0,False,-1,,0.0,False,0.0,True,0.0,False,0.0,128131722639.0,128131722639,4,False,True,
C,M,20180301,2018,3,201803,842,USA,USA,X,Export,0,W00,World,0,W00,World,H5,HS,True,TOTAL,All Commodities,0,False,C00,TOTAL CPC,0,0,TOTAL MOT,-1,,0.0,False,-1,,0.0,False,0.0,True,0.0,False,0.0,149796242838.0,149796242838,4,False,True,
C,M,20180401,2018,4,201804,842,USA,USA,X,Export,0,W00,World,0,W00,World,H5,HS,True,TOTAL,All Commodities,0,False,C00,TOTAL CPC,0,0,TOTAL MOT,-1,,0.0,False,-1,,0.0,False,0.0,True,0.0,False,0.0,137987283501.0,137987283501,4,False,True,
C,M,20180501,2018,5,201805,842,USA,USA,X,Export,0,W00,World,0,W00,World,H5,HS,True,TOTAL,All Commodities,0,False,C00,TOTAL CPC,0,0,TOTAL MOT,-1,,0.0,False,-1,,0.0,False,0.0,True,0.0,False,0.0,145382811366.0,145382811366,4,False,True,
C,M,20180601,2018,6,201806,842,USA,USA,X,Export,0,W00,World,0,W00,World,H5,HS,True,TOTAL,All Commodities,0,False,C00,TOTAL CPC,0,0,TOTAL MOT,-1,,0.0,False,-1,,0.0,False,0.0,True,0.0,False,0.0,145328208782.0,145328208782,4,False,True,
C,M,20180701,2018,7,201807,842,USA,USA,X,Export,0,W00,World,0,W00,World,H5,HS,True,TOTAL,All Commodities,0,False,C00,TOTAL CPC,0,0,TOTAL MOT,-1,,0.0,False,-1,,0.0,False,0.0,True,0.0,False,0.0,133658201534.0,133658201534,4,False,True,
C,M,20180801,2018,8,201808,842,USA,USA,X,Export,0,W00,World,0,W00,World,H5,HS,True,TOTAL,All Commodities,0,False,C00,TOTAL CPC,0,0,TOTAL MOT,-1,,0.0,False,-1,,0.0,False,0.0,True,0.0,False,0.0,140067275895.0,140067275895,4,False,True,
C,M,20180901,2018,9,201809,842,USA,USA,X,Export,0,W00,World,0,W00,World,H5,HS,True,TOTAL,All Commodities,0,False,C00,TOTAL CPC,0,0,TOTAL MOT,-1,,0.0,False,-1,,0.0,False,0.0,True,0.0,False,0.0,139113130990.0,139113130990,4,False,True,
C,M,20181001,2018,10,201810,842,USA,USA,X,Export,0,W00,World,0,W00,World,H5,HS,True,TOTAL,All Commodities,0,False,C00,TOTAL CPC,0,0,TOTAL MOT,-1,,0.0,False,-1,,0.0,False,0.0,True,0.0,False,0.0,147073575990.0,147073575990,4,False,True,
C,M,20181101,2018,11,201811,842,USA,USA,X,Export,0,W00,World,0,W00,World,H5,HS,True,TOTAL,All Commodities,0,False,C00,TOTAL CPC,0,0,TOTAL MOT,-1,,0.0,False,-1,,0.0,False,0.0,True,0.0,False,0.0,139742226984.0,139742226984,4,False,True,
C,M,20181201,2018,12,201812,842,USA,USA,X,Export,0,W00,World,0,W00,World,H5,HS,True,TOTAL,All Commodities,0,False,C00,TOTAL CPC,0,0,TOTAL MOT,-1,,0.0,False,-1,,0.0,False,0.0,True,0.0,False,0.0,134116724111.0,134116724111,4,False,True,
C,M,20190101,2019,1,201901,842,USA,USA,X,Export,0,W00,World,0,W00,World,H5,HS,True,TOTAL,All Commodities,0,False,C00,TOTAL CPC,0,0,TOTAL MOT,-1,,0.0,False,-1,,0.0,False,0.0,True,0.0,False,0.0,129454163658.0,129454163658,4,False,True,
C,M,20190201,2019,2,201902,842,USA,USA,X,Export,0,W00,World,0,W00,World,H5,HS,True,TOTAL,All Commodities,0,False,C00,TOTAL CPC,0,0,TOTAL MOT,-1,,0.0,False,-1,,0.0,False,0.0,True,0.0,False,0.0,130441636572.0,130441636572,4,False,True,
C,M,20190301,2019,3,201903,842,USA,USA,X,Export,0,W00,World,0,W00,World,H5,HS,True,TOTAL,All Commodities,0,False,C00,TOTAL CPC,0,0,TOTAL MOT,-1,,0.0,False,-1,,0.0,False,0.0,True,0.0,False,0.0,148092232697.0,148092232697,4,False,True,
C,M,20190401,2019,4,201904,842,USA,USA,X,Export,0,W00,World,0,W00,World,H5,HS,True,TOTAL,All Commodities,0,False,C00,TOTAL CPC,0,0,TOTAL MOT,-1,,0.0,False,-1,,0.0,False,0.0,True,0.0,False,0.0,135081092045.0,135081092045,4,False,True,
C,M,20190501,2019,5,201905,842,USA,USA,X,Export,0,W00,World,0,W00,World,H5,HS,True,TOTAL,All Commodities,0,False,C00,TOTAL CPC,0,0,TOTAL MOT,-1,,0.0,False,-1,,0.0,False,0.0,True,0.0,False,0.0,142149166766.0,142149166766,4,False,True,
C,M,20190601,2019,6,201906,842,USA,USA,X,Export,0,W00,World,0,W00,World,H5,HS,True,TOTAL,All Commodities,0,False,C00,TOTAL CPC,0,0,TOTAL MOT,-1,,0.0,False,-1,,0.0,False,0.0,True,0.0,False,0.0,137999278054.0,137999278054,4,False,True,
C,M,20190701,2019,7,201907,842,USA,USA,X,Export,0,W00,World,0,W00,World,H5,HS,True,TOTAL,All Commodities,0,False,C00,TOTAL CPC,0,0,TOTAL MOT,-1,,0.0,False,-1,,0.0,False,0.0,True,0.0,False,0.0,132758811537.0,132758811537,4,False,True,
C,M,20190801,2019,8,201908,842,USA,USA,X,Export,0,W00,World,0,W00,World,H5,HS,True,TOTAL,All Commodities,0,False,C00,TOTAL CPC,0,0,TOTAL MOT,-1,,0.0,False,-1,,0.0,False,0.0,True,0.0,False,0.0,138599626805.0,138599626805,4,False,True,
C,M,20190901,2019,9,201909,842,USA,USA,X,Export,0,W00,World,0,W00,World,H5,HS,True,TOTAL,All Commodities,0,False,C00,TOTAL CPC,0,0,TOTAL MOT,-1,,0.0,False,-1,,0.0,False,0.0,True,0.0,False,0.0,134555474833.0,134555474833,4,False,True,
C,M,20191001,2019,10,201910,842,USA,USA,X,Export,0,W00,World,0,W00,World,H5,HS,True,TOTAL,All Commodities,0,False,C00,TOTAL CPC,0,0,TOTAL MOT,-1,,0.0,False,-1,,0.0,False,0.0,True,0.0,False,0.0,142173139770.0,142173139770,4,False,True,
C,M,20191101,2019,11,201911,842,USA,USA,X,Export,0,W00,World,0,W00,World,H5,HS,True,TOTAL,All Commodities,0,False,C00,TOTAL CPC,0,0,TOTAL MOT,-1,,0.0,False,-1,,0.0,False,0.0,True,0.0,False,0.0,137218927622.0,137218927622,4,False,True,
C,M,20191201,2019,12,201912,842,USA,USA,X,Export,0,W00,World,0,W00,World,H5,HS,True,TOTAL,All Commodities,0,False,C00,TOTAL CPC,0,0,TOTAL MOT,-1,,0.0,False,-1,,0.0,False,0.0,True,0.0,False,0.0,135752670424.0,135752670424,4,False,True,
C,M,20200101,2020,1,202001,842,USA,USA,X,Export,0,W00,World,0,W00,World,H5,HS,True,TOTAL,All Commodities,0,False,C00,TOTAL CPC,0,0,TOTAL MOT,-1,,0.0,False,-1,,0.0,False,0.0,True,0.0,False,0.0,128979511214.0,128979511214,4,False,True,
C,M,20200201,2020,2,202002,842,USA,USA,X,Export,0,W00,World,0,W00,World,H5,HS,True,TOTAL,All Commodities,0,False,C00,TOTAL CPC,0,0,TOTAL MOT,-1,,0.0,False,-1,,0.0,False,0.0,True,0.0,False,0.0,131992099314.0,131992099314,4,False,True,
C,M,20200301,2020,3,202003,842,USA,USA,X,Export,0,W00,World,0,W00,World,H5,HS,True,TOTAL,All Commodities,0,False,C00,TOTAL CPC,0,0,TOTAL MOT,-1,,0.0,False,-1,,0.0,False,0.0,True,0.0,False,0.0,134400749545.0,134400749545,4,False,True,
C,M,20200401,2020,4,202004,842,USA,USA,X,Export,0,W00,World,0,W00,World,H5,HS,True,TOTAL,All Commodities,0,False,C00,TOTAL CPC,0,0,TOTAL MOT,-1,,0.0,False,-1,,0.0,False,0.0,True,0.0,False,0.0,95683779400.0,95683779400,4,False,True,
C,M,20200501,2020,5,202005,842,USA,USA,X,Export,0,W00,World,0,W00,World,H5,HS,True,TOTAL,All Commodities,0,False,C00,TOTAL CPC,0,0,TOTAL MOT,-1,,0.0,False,-1,,0.0,False,0.0,True,0.0,False,0.0,90584959523.0,90584959523,4,False,True,
C,M,20200601,2020,6,202006,842,USA,USA,X,Export,0,W00,World,0,W00,World,H5,HS,True,TOTAL,All Commodities,0,False,C00,TOTAL CPC,0,0,TOTAL MOT,-1,,0.0,False,-1,,0.0,False,0.0,True,0.0,False,0.0,104967248780.0,104967248780,4,False,True,
C,M,20200701,2020,7,202007,842,USA,USA,X,Export,0,W00,World,0,W00,World,H5,HS,True,TOTAL,All Commodities,0,False,C00,TOTAL CPC,0,0,TOTAL MOT,-1,,0.0,False,-1,,0.0,False,0.0,True,0.0,False,0.0,112581599137.0,112581599137,4,False,True,
C,M,20200801,2020,8,202008,842,USA,USA,X,Export,0,W00,World,0,W00,World,H5,HS,True,TOTAL,All Commodities,0,False,C00,TOTAL CPC,0,0,TOTAL MOT,-1,,0.0,False,-1,,0.0,False,0.0,True,0.0,False,0.0,117958253650.0,117958253650,4,False,True,
C,M,20200901,2020,9,202009,842,USA,USA,X,Export,0,W00,World,0,W00,World,H5,HS,True,TOTAL,All Commodities,0,False,C00,TOTAL CPC,0,0,TOTAL MOT,-1,,0.0,False,-1,,0.0,False,0.0,True,0.0,False,0.0,121378736772.0,121378736772,4,False,True,
C,M,20201001,2020,10,202010,842,USA,USA,X,Export,0,W00,World,0,W00,World,H5,HS,True,TOTAL,All Commodities,0,False,C00,TOTAL CPC,0,0,TOTAL MOT,-1,,0.0,False,-1,,0.0,False,0.0,True,0.0,False,0.0,132402660776.0,132402660776,4,False,True,
C,M,20201101,2020,11,202011,842,USA,USA,X,Export,0,W00,World,0,W00,World,H5,HS,True,TOTAL,All Commodities,0,False,C00,TOTAL CPC,0,0,TOTAL MOT,-1,,0.0,False,-1,,0.0,False,0.0,True,0.0,False,0.0,126854420188.0,126854420188,4,False,True,
C,M,20201201,2020,12,202012,842,USA,USA,X,Export,0,W00,World,0,W00,World,H5,HS,True,TOTAL,All Commodities,0,False,C00,TOTAL CPC,0,0,TOTAL MOT,-1,,0.0,False,-1,,0.0,False,0.0,True,0.0,False,0.0,132469605190.0,132469605190,4,False,True,
C,M,20210101,2021,1,202101,842,USA,USA,X,Export,0,W00,World,0,W00,World,H5,HS,True,TOTAL,All Commodities,0,False,C00,TOTAL CPC,0,0,TOTAL MOT,-1,,0.0,False,-1,,0.0,False,0.0,True,0.0,False,0.0,127476378280.0,127476378280,4,False,True,
C,M,20210201,2021,2,202102,842,USA,USA,X,Export,0,W00,World,0,W00,World,H5,HS,True,TOTAL,All Commodities,0,False,C00,TOTAL CPC,0,0,TOTAL MOT,-1,,0.0,False,-1,,0.0,False,0.0,True,0.0,False,0.0,123874920638.0,123874920638,4,False,True,
C,M,20210301,2021,3,202103,842,USA,USA,X,Export,0,W00,World,0,W00,World,H5,HS,True,TOTAL,All Commodities,0,False,C00,TOTAL CPC,0,0,TOTAL MOT,-1,,0.0,False,-1,,0.0,False,0.0,True,0.0,False,0.0,151488961267.0,151488961267,4,False,True,
C,M,20210401,2021,4,202104,842,USA,USA,X,Export,0,W00,World,0,W00,World,H5,HS,True,TOTAL,All Commodities,0,False,C00,TOTAL CPC,0,0,TOTAL MOT,-1,,0.0,False,-1,,0.0,False,0.0,True,0.0,False,0.0,144342213766.0,144342213766,4,False,True,
C,M,20210501,2021,5,202105,842,USA,USA,X,Export,0,W00,World,0,W00,World,H5,HS,True,TOTAL,All Commodities,0,False,C00,TOTAL CPC,0,0,TOTAL MOT,-1,,0.0,False,-1,,0.0,False,0.0,True,0.0,False,0.0,144663069020.0,144663069020,4,False,True,
C,M,20210601,2021,6,202106,842,USA,USA,X,Export,0,W00,World,0,W00,World,H5,HS,True,TOTAL,All Commodities,0,False,C00,TOTAL CPC,0,0,TOTAL MOT,-1,,0.0,False,-1,,0.0,False,0.0,True,0.0,False,0.0,147636975885.0,147636975885,4,False,True,
C,M,20210701,2021,7,202107,842,USA,USA,X,Export,0,W00,World,0,W00,World,H5,HS,True,TOTAL,All Commodities,0,False,C00,TOTAL CPC,0,0,TOTAL MOT,-1,,0.0,False,-1,,0.0,False,0.0,True,0.0,False,0.0,144029705365.0,144029705365,4,False,True,
C,M,20210801,2021,8,202108,842,USA,USA,X,Export,0,W00,World,0,W00,World,H5,HS,True,TOTAL,All Commodities,0,False,C00,TOTAL CPC,0,0,TOTAL MOT,-1,,0.0,False,-1,,0.0,False,0.0,True,0.0,False,0.0,148034903934.0,148034903934,4,False,True,
C,M,20210901,2021,9,202109,842,USA,USA,X,Export,0,W00,World,0,W00,World,H5,HS,True,TOTAL,All Commodities,0,False,C00,TOTAL CPC,0,0,TOTAL MOT,-1,,0.0,False,-1,,0.0,False,0.0,True,0.0,False,0.0,141790419234.0,141790419234,4,False,True,
C,M,20211001,2021,10,202110,842,USA,USA,X,Export,0,W00,World,0,W00,World,H5,HS,True,TOTAL,All Commodities,0,False,C00,TOTAL CPC,0,0,TOTAL MOT,-1,,0.0,False,-1,,0.0,False,0.0,True,0.0,False,0.0,164371444683.0,164371444683,4,False,True,
C,M,20211101,2021,11,202111,842,USA,USA,X,Export,0,W00,World,0,W00,World,H5,HS,True,TOTAL,All Commodities,0,False,C00,TOTAL CPC,0,0,TOTAL MOT,-1,,0.0,False,-1,,0.0,False,0.0,True,0.0,False,0.0,156347608488.0,156347608488,4,False,True,
C,M,20211201,2021,12,202112,842,USA,USA,X,Export,0,W00,World,0,W00,World,H5,HS,True,TOTAL,All Commodities,0,False,C00,TOTAL CPC,0,0,TOTAL MOT,-1,,0.0,False,-1,,0.0,False,0.0,True,0.0,False,0.0,159080107546.0,159080107546,4,False,True,
C,M,20220101,2022,1,202201,842,USA,USA,X,Export,0,W00,World,0,W00,World,H6,HS,True,TOTAL,All Commodities,0,False,C00,TOTAL CPC,0,0,TOTAL MOT,-1,,0.0,False,-1,,0.0,False,0.0,True,0.0,False,0.0,147237687097.0,147237687097,4,False,True,
C,M,20220201,2022,2,202202,842,USA,USA,X,Export,0,W00,World,0,W00,World,H6,HS,True,TOTAL,All Commodities,0,False,C00,TOTAL CPC,0,0,TOTAL MOT,-1,,0.0,False,-1,,0.0,False,0.0,True,0.0,False,,150603445682.0,150603445682,4,False,True,
C,M,20220301,2022,3,202203,842,USA,USA,X,Export,0,W00,World,0,W00,World,H6,HS,True,TOTAL,All Commodities,0,False,C00,TOTAL CPC,0,0,TOTAL MOT,-1,,0.0,False,-1,,0.0,False,0.0,True,0.0,False,,179329092153.0,179329092153,4,False,True,
C,M,20220401,2022,4,202204,842,USA,USA,X,Export,0,W00,World,0,W00,World,H6,HS,True,TOTAL,All Commodities,0,False,C00,TOTAL CPC,0,0,TOTAL MOT,-1,,0.0,False,-1,,0.0,False,0.0,True,0.0,False,0.0,173009621646.0,173009621646,4,False,True,
C,M,20220501,2022,5,202205,842,USA,USA,X,Export,0,W00,World,0,W00,World,H6,HS,True,TOTAL,All Commodities,0,False,C00,TOTAL CPC,0,0,TOTAL MOT,-1,,0.0,False,-1,,0.0,False,0.0,True,0.0,False,0.0,177895953019.0,177895953019,4,False,True,
C,M,20220601,2022,6,202206,842,USA,USA,X,Export,0,W00,World,0,W00,World,H6,HS,True,TOTAL,All Commodities,0,False,C00,TOTAL CPC,0,0,TOTAL MOT,-1,,0.0,False,-1,,0.0,False,0.0,True,0.0,False,0.0,182511419426.0,182511419426,4,False,True,
C,M,20220701,2022,7,202207,842,USA,USA,X,Export,0,W00,World,0,W00,World,H6,HS,True,TOTAL,All Commodities,0,False,C00,TOTAL CPC,0,0,TOTAL MOT,-1,,0.0,False,-1,,0.0,False,0.0,True,0.0,False,0.0,175571841548.0,175571841548,4,False,True,
C,M,20220801,2022,8,202208,842,USA,USA,X,Export,0,W00,World,0,W00,World,H6,HS,True,TOTAL,All Commodities,0,False,C00,TOTAL CPC,0,0,TOTAL MOT,-1,,0.0,False,-1,,0.0,False,0.0,False,0.0,False,0.0,180203297802.0,180203297802,0,False,True,
C,M,20220901,2022,9,202209,842,USA,USA,X,Export,0,W00,World,0,W00,World,H6,HS,True,TOTAL,All Commodities,0,False,C00,TOTAL CPC,0,0,TOTAL MOT,-1,,0.0,False,-1,,0.0,False,0.0,False,0.0,False,0.0,175957180898.0,175957180898,0,False,True,
C,M,20221001,2022,10,202210,842,USA,USA,X,Export,0,W00,World,0,W00,World,H6,HS,True,TOTAL,All Commodities,0,False,C00,TOTAL CPC,0,0,TOTAL MOT,-1,,0.0,False,-1,,0.0,False,0.0,True,0.0,False,0.0,180350200639.0,180350200639,4,False,True,
C,M,20221101,2022,11,202211,842,USA,USA,X,Export,0,W00,World,0,W00,World,H6,HS,True,TOTAL,All Commodities,0,False,C00,TOTAL CPC,0,0,TOTAL MOT,-1,,0.0,False,-1,,0.0,False,0.0,True,0.0,False,0.0,170635405893.0,170635405893,4,False,True,
C,M,20221201,2022,12,202212,842,USA,USA,X,Export,0,W00,World,0,W00,World,H6,HS,True,TOTAL,All Commodities,0,False,C00,TOTAL CPC,0,0,TOTAL MOT,-1,,0.0,False,-1,,0.0,False,0.0,False,0.0,False,0.0,168784686928.0,168784686928,0,False,True,
C,M,20230101,2023,1,202301,842,USA,USA,X,Export,0,W00,World,0,W00,World,H6,HS,True,TOTAL,All Commodities,0,False,C00,TOTAL CPC,0,0,TOTAL MOT,-1,,0.0,False,-1,,0.0,False,0.0,True,0.0,False,,165367392270.0,165367392270,4,False,True,
C,M,20230201,2023,2,202302,842,USA,USA,X,Export,0,W00,World,0,W00,World,H6,HS,True,TOTAL,All Commodities,0,False,C00,TOTAL CPC,0,0,TOTAL MOT,-1,,0.0,False,-1,,0.0,False,0.0,True,0.0,False,,158903625574.0,158903625574,4,False,True,
C,M,20230301,2023,3,202303,842,USA,USA,X,Export,0,W00,World,0,W00,World,H6,HS,True,TOTAL,All Commodities,0,False,C00,TOTAL CPC,0,0,TOTAL MOT,-1,,0.0,False,-1,,0.0,False,0.0,True,0.0,False,,184407050413.0,184407050413,4,False,True,
C,M,20230401,2023,4,202304,842,USA,USA,X,Export,0,W00,World,0,W00,World,H6,HS,True,TOTAL,All Commodities,0,False,C00,TOTAL CPC,0,0,TOTAL MOT,-1,,0.0,False,-1,,0.0,False,0.0,True,0.0,False,,162335030837.0,162335030837,4,False,True,
C,M,20230501,2023,5,202305,842,USA,USA,X,Export,0,W00,World,0,W00,World,H6,HS,True,TOTAL,All Commodities,0,False,C00,TOTAL CPC,0,0,TOTAL MOT,-1,,0.0,False,-1,,0.0,False,0.0,True,0.0,False,,166622285362.0,166622285362,4,False,True,
