"TypeCode","FreqCode","RefPeriodId","RefYear","RefMonth","Period","ReporterCode","ReporterISO","ReporterDesc","FlowCode","FlowDesc","PartnerCode","PartnerISO","PartnerDesc","Partner2Code","Partner2ISO","Partner2Desc","ClassificationCode","ClassificationSearchCode","IsOriginalClassification","CmdCode","CmdDesc","AggrLevel","IsLeaf","CustomsCode","CustomsDesc","MosCode","MotCode","MotDesc","QtyUnitCode","QtyUnitAbbr","Qty","IsQtyEstimated","AltQtyUnitCode","AltQtyUnitAbbr","AtlQty","IsAltQtyEstimated","NetWgt","IsNetWgtEstimated","GrossWgt","IsGrossWgtEstimated","Cifvalue","Fobvalue","PrimaryValue","LegacyEstimationFlag","IsReported","IsAggregate",
"C","M","20110101","2011","1","201101","842","USA","USA","M","Import","0","W00","World","0","W00","World","H3","HS","true","TOTAL","All Commodities","0","false","C00","TOTAL CPC","0","0","TOTAL MOT","-1","N/A","0","false","-1","N/A","0","false","0","false","0","false","170800073568","0","170800073568","0","false","true",
"C","M","20110101","2011","1","201101","842","USA","USA","RX","Re-export","0","W00","World","0","W00","World","H3","HS","true","TOTAL","All Commodities","0","false","C00","TOTAL CPC","0","0","TOTAL MOT","-1","N/A","0","false","-1","N/A","0","false","0","false","0","false","0","13677195928","13677195928","0","false","true",
"C","M","20110101","2011","1","201101","842","USA","USA","X","Export","0","W00","World","0","W00","World","H3","HS","true","TOTAL","All Commodities","0","false","C00","TOTAL CPC","0","0","TOTAL MOT","-1","N/A","0","false","-1","N/A","0","false","0","false","0","false","0","110200815743","110200815743","0","false","true",
"C","M","20110201","2011","2","201102","842","USA","USA","M","Import","0","W00","World","0","W00","World","H3","HS","true","TOTAL","All Commodities","0","false","C00","TOTAL CPC","0","0","TOTAL MOT","-1","N/A","0","false","-1","N/A","0","false","0","false","0","false","160918535693","0","160918535693","0","false","true",
"C","M","20110201","2011","2","201102","842","USA","USA","RX","Re-export","0","W00","World","0","W00","World","H3","HS","true","TOTAL","All Commodities","0","false","C00","TOTAL CPC","0","0","TOTAL MOT","-1","N/A","0","false","-1","N/A","0","false","0","false","0","false","0","13063415301","13063415301","0","false","true",
"C","M","20110201","2011","2","201102","842","USA","USA","X","Export","0","W00","World","0","W00","World","H3","HS","true","TOTAL","All Commodities","0","false","C00","TOTAL CPC","0","0","TOTAL MOT","-1","N/A","0","false","-1","N/A","0","false","0","false","0","false","0","109745138312","109745138312","0","false","true",
"C","M","20110301","2011","3","201103","842","USA","USA","M","Import","0","W00","World","0","W00","World","H3","HS","true","TOTAL","All Commodities","0","false","C00","TOTAL CPC","0","0","TOTAL MOT","-1","N/A","0","false","-1","N/A","0","false","0","false","0","false","190533679870","0","190533679870","0","false","true",
"C","M","20110301","2011","3","201103","842","USA","USA","RX","Re-export","0","W00","World","0","W00","World","H3","HS","true","TOTAL","All Commodities","0","false","C00","TOTAL CPC","0","0","TOTAL MOT","-1","N/A","0","false","-1","N/A","0","false","0","false","0","false","0","15723936001","15723936001","0","false","true",
"C","M","20110301","2011","3","201103","842","USA","USA","X","Export","0","W00","World","0","W00","World","H3","HS","true","TOTAL","All Commodities","0","false","C00","TOTAL CPC","0","0","TOTAL MOT","-1","N/A","0","false","-1","N/A","0","false","0","false","0","false","0","131010674491","131010674491","0","false","true",
"C","M","20110401","2011","4","201104","842","USA","USA","M","Import","0","W00","World","0","W00","World","H3","HS","true","TOTAL","All Commodities","0","false","C00","TOTAL CPC","0","0","TOTAL MOT","-1","N/A","0","false","-1","N/A","0","false","0","false","0","false","182571022432","0","182571022432","0","false","true",
"C","M","20110401","2011","4","201104","842","USA","USA","RX","Re-export","0","W00","World","0","W00","World","H3","HS","true","TOTAL","All Commodities","0","false","C00","TOTAL CPC","0","0","TOTAL MOT","-1","N/A","0","false","-1","N/A","0","false","0","false","0","false","0","14647853960","14647853960","0","false","true",
"C","M","20110401","2011","4","201104","842","USA","USA","X","Export","0","W00","World","0","W00","World","H3","HS","true","TOTAL","All Commodities","0","false","C00","TOTAL CPC","0","0","TOTAL MOT","-1","N/A","0","false","-1","N/A","0","false","0","false","0","false","0","123752794272","123752794272","0","false","true",
"C","M","20110501","2011","5","201105","842","USA","USA","M","Import","0","W00","World","0","W00","World","H3","HS","true","TOTAL","All Commodities","0","false","C00","TOTAL CPC","0","0","TOTAL MOT","-1","N/A","0","false","-1","N/A","0","false","0","false","0","false","192927267012","0","192927267012","0","false","true",
"C","M","20110501","2011","5","201105","842","USA","USA","RX","Re-export","0","W00","World","0","W00","World","H3","HS","true","TOTAL","All Commodities","0","false","C00","TOTAL CPC","0","0","TOTAL MOT","-1","N/A","0","false","-1","N/A","0","false","0","false","0","false","0","14706231307","14706231307","0","false","true",
"C","M","20110501","2011","5","201105","842","USA","USA","X","Export","0","W00","World","0","W00","World","H3","HS","true","TOTAL","All Commodities","0","false","C00","TOTAL CPC","0","0","TOTAL MOT","-1","N/A","0","false","-1","N/A","0","false","0","false","0","false","0","123812686212","123812686212","0","false","true",
"C","M","20110601","2011","6","201106","842","USA","USA","M","Import","0","W00","World","0","W00","World","H3","HS","true","TOTAL","All Commodities","0","false","C00","TOTAL CPC","0","0","TOTAL MOT","-1","N/A","0","false","-1","N/A","0","false","0","false","0","false","197269857482","0","197269857482","0","false","true",
"C","M","20110601","2011","6","201106","842","USA","USA","RX","Re-export","0","W00","World","0","W00","World","H3","HS","true","TOTAL","All Commodities","0","false","C00","TOTAL CPC","0","0","TOTAL MOT","-1","N/A","0","false","-1","N/A","0","false","0","false","0","false","0","16042855538","16042855538","0","false","true",
"C","M","20110601","2011","6","201106","842","USA","USA","X","Export","0","W00","World","0","W00","World","H3","HS","true","TOTAL","All Commodities","0","false","C00","TOTAL CPC","0","0","TOTAL MOT","-1","N/A","0","false","-1","N/A","0","false","0","false","0","false","0","122880455194","122880455194","0","false","true",
"C","M","20110701","2011","7","201107","842","USA","USA","M","Import","0","W00","World","0","W00","World","H3","HS","true","TOTAL","All Commodities","0","false","C00","TOTAL CPC","0","0","TOTAL MOT","-1","N/A","0","false","-1","N/A","0","false","0","false","0","false","191546510305","0","191546510305","0","false","true",
"C","M","20110701","2011","7","201107","842","USA","USA","RX","Re-export","0","W00","World","0","W00","World","H3","HS","true","TOTAL","All Commodities","0","false","C00","TOTAL CPC","0","0","TOTAL MOT","-1","N/A","0","false","-1","N/A","0","false","0","false","0","false","0","14869987150","14869987150","0","false","true",
"C","M","20110701","2011","7","201107","842","USA","USA","X","Export","0","W00","World","0","W00","World","H3","HS","true","TOTAL","All Commodities","0","false","C00","TOTAL CPC","0","0","TOTAL MOT","-1","N/A","0","false","-1","N/A","0","false","0","false","0","false","0","120429505660","120429505660","0","false","true",
"C","M","20110801","2011","8","201108","842","USA","USA","M","Import","0","W00","World","0","W00","World","H3","HS","true","TOTAL","All Commodities","0","false","C00","TOTAL CPC","0","0","TOTAL MOT","-1","N/A","0","false","-1","N/A","0","false","0","false","0","false","201646255078","0","201646255078","0","false","true",
"C","M","20110801","2011","8","201108","842","USA","USA","RX","Re-export","0","W00","World","0","W00","World","H3","HS","true","TOTAL","All Commodities","0","false","C00","TOTAL CPC","0","0","TOTAL MOT","-1","N/A","0","false","-1","N/A","0","false","0","false","0","false","0","15163359360","15163359360","0","false","true",
"C","M","20110801","2011","8","201108","842","USA","USA","X","Export","0","W00","World","0","W00","World","H3","HS","true","TOTAL","All Commodities","0","false","C00","TOTAL CPC","0","0","TOTAL MOT","-1","N/A","0","false","-1","N/A","0","false","0","false","0","false","0","126650327371","126650327371","0","false","true",
"C","M","20110901","2011","9","201109","842","USA","USA","M","Import","0","W00","World","0","W00","World","H3","HS","true","TOTAL","All Commodities","0","false","C00","TOTAL CPC","0","0","TOTAL MOT","-1","N/A","0","false","-1","N/A","0","false","0","false","0","false","193865830081","0","193865830081","0","false","true",
"C","M","20110901","2011","9","201109","842","USA","USA","RX","Re-export","0","W00","World","0","W00","World","H3","HS","true","TOTAL","All Commodities","0","false","C00","TOTAL CPC","0","0","TOTAL MOT","-1","N/A","0","false","-1","N/A","0","false","0","false","0","false","0","16003834464","16003834464","0","false","true",
"C","M","20110901","2011","9","201109","842","USA","USA","X","Export","0","W00","World","0","W00","World","H3","HS","true","TOTAL","All Commodities","0","false","C00","TOTAL CPC","0","0","TOTAL MOT","-1","N/A","0","false","-1","N/A","0","false","0","false","0","false","0","127094342446","127094342446","0","false","true",
"C","M","20111001","2011","10","201110","842","USA","USA","M","Import","0","W00","World","0","W00","World","H3","HS","true","TOTAL","All Commodities","0","false","C00","TOTAL CPC","0","0","TOTAL MOT","-1","N/A",,"false","-1","N/A",,"false",,"false",,"false","196312030645",,"196312030645","0","false","true",
"C","M","20111001","2011","10","201110","842","USA","USA","RX","Re-export","0","W00","World","0","W00","World","H3","HS","true","TOTAL","All Commodities","0","false","C00","TOTAL CPC","0","0","TOTAL MOT","-1","N/A",,"false","-1","N/A",,"false",,"false",,"false",,"15962346341","15962346341","0","false","true",
"C","M","20111001","2011","10","201110","842","USA","USA","X","Export","0","W00","World","0","W00","World","H3","HS","true","TOTAL","All Commodities","0","false","C00","TOTAL CPC","0","0","TOTAL MOT","-1","N/A",,"false","-1","N/A",,"false",,"false",,"false",,"130949828728","130949828728","0","false","true",
"C","M","20111101","2011","11","201111","842","USA","USA","M","Import","0","W00","World","0","W00","World","H3","HS","true","TOTAL","All Commodities","0","false","C00","TOTAL CPC","0","0","TOTAL MOT","-1","N/A",,"false","-1","N/A",,"false",,"false",,"false","195675265041",,"195675265041","0","false","true",
"C","M","20111101","2011","11","201111","842","USA","USA","RX","Re-export","0","W00","World","0","W00","World","H3","HS","true","TOTAL","All Commodities","0","false","C00","TOTAL CPC","0","0","TOTAL MOT","-1","N/A",,"false","-1","N/A",,"false",,"false",,"false",,"15799800542","15799800542","0","false","true",
"C","M","20111101","2011","11","201111","842","USA","USA","X","Export","0","W00","World","0","W00","World","H3","HS","true","TOTAL","All Commodities","0","false","C00","TOTAL CPC","0","0","TOTAL MOT","-1","N/A",,"false","-1","N/A",,"false",,"false",,"false",,"126418247758","126418247758","0","false","true",
"C","M","20111201","2011","12","201112","842","USA","USA","M","Import","0","W00","World","0","W00","World","H3","HS","true","TOTAL","All Commodities","0","false","C00","TOTAL CPC","0","0","TOTAL MOT","-1","N/A",,"false","-1","N/A",,"false",,"false",,"false","188519307159",,"188519307159","0","false","true",
"C","M","20111201","2011","12","201112","842","USA","USA","RX","Re-export","0","W00","World","0","W00","World","H3","HS","true","TOTAL","All Commodities","0","false","C00","TOTAL CPC","0","0","TOTAL MOT","-1","N/A",,"false","-1","N/A",,"false",,"false",,"false",,"15287742483","15287742483","0","false","true",
"C","M","20111201","2011","12","201112","842","USA","USA","X","Export","0","W00","World","0","W00","World","H3","HS","true","TOTAL","All Commodities","0","false","C00","TOTAL CPC","0","0","TOTAL MOT","-1","N/A",,"false","-1","N/A",,"false",,"false",,"false",,"126785352705","126785352705","0","false","true",
