"TypeCode","FreqCode","RefPeriodId","RefYear","RefMonth","Period","ReporterCode","ReporterISO","ReporterDesc","FlowCode","FlowDesc","PartnerCode","PartnerISO","PartnerDesc","Partner2Code","Partner2ISO","Partner2Desc","ClassificationCode","ClassificationSearchCode","IsOriginalClassification","CmdCode","CmdDesc","AggrLevel","IsLeaf","CustomsCode","CustomsDesc","MosCode","MotCode","MotDesc","QtyUnitCode","QtyUnitAbbr","Qty","IsQtyEstimated","AltQtyUnitCode","AltQtyUnitAbbr","AtlQty","IsAltQtyEstimated","NetWgt","IsNetWgtEstimated","GrossWgt","IsGrossWgtEstimated","Cifvalue","Fobvalue","PrimaryValue","LegacyEstimationFlag","IsReported","IsAggregate",
"C","M","20120101","2012","1","201201","842","USA","USA","M","Import","0","W00","World","0","W00","World","H4","HS","true","TOTAL","All Commodities","0","false","C00","TOTAL CPC","0","0","TOTAL MOT","-1","N/A",,"false","-1","N/A",,"false",,"false",,"false","188224982925",,"188224982925","0","false","true",
"C","M","20120101","2012","1","201201","842","USA","USA","RX","Re-export","0","W00","World","0","W00","World","H4","HS","true","TOTAL","All Commodities","0","false","C00","TOTAL CPC","0","0","TOTAL MOT","-1","N/A",,"false","-1","N/A",,"false",,"false",,"false",,"14874235690","14874235690","0","false","true",
"C","M","20120101","2012","1","201201","842","USA","USA","X","Export","0","W00","World","0","W00","World","H4","HS","true","TOTAL","All Commodities","0","false","C00","TOTAL CPC","0","0","TOTAL MOT","-1","N/A",,"false","-1","N/A",,"false",,"false",,"false",,"118156544582","118156544582","0","false","true",
"C","M","20120201","2012","2","201202","842","USA","USA","M","Import","0","W00","World","0","W00","World","H4","HS","true","TOTAL","All Commodities","0","false","C00","TOTAL CPC","0","0","TOTAL MOT","-1","N/A","0","false","-1","N/A","0","false","0","false","0","false","176338299043","0","176338299043","0","false","true",
"C","M","20120201","2012","2","201202","842","USA","USA","RX","Re-export","0","W00","World","0","W00","World","H4","HS","true","TOTAL","All Commodities","0","false","C00","TOTAL CPC","0","0","TOTAL MOT","-1","N/A","0","false","-1","N/A","0","false","0","false","0","false","0","15647392580","15647392580","0","false","true",
"C","M","20120201","2012","2","201202","842","USA","USA","X","Export","0","W00","World","0","W00","World","H4","HS","true","TOTAL","All Commodities","0","false","C00","TOTAL CPC","0","0","TOTAL MOT","-1","N/A","0","false","-1","N/A","0","false","0","false","0","false","0","123448585034","123448585034","0","false","true",
"C","M","20120301","2012","3","201203","842","USA","USA","M","Import","0","W00","World","0","W00","World","H4","HS","true","TOTAL","All Commodities","0","false","C00","TOTAL CPC","0","0","TOTAL MOT","-1","N/A","0","false","-1","N/A","0","false","0","false","0","false","202088822547","0","202088822547","0","false","true",
"C","M","20120301","2012","3","201203","842","USA","USA","RX","Re-export","0","W00","World","0","W00","World","H4","HS","true","TOTAL","All Commodities","0","false","C00","TOTAL CPC","0","0","TOTAL MOT","-1","N/A","0","false","-1","N/A","0","false","0","false","0","false","0","17447257948","17447257948","0","false","true",
"C","M","20120301","2012","3","201203","842","USA","USA","X","Export","0","W00","World","0","W00","World","H4","HS","true","TOTAL","All Commodities","0","false","C00","TOTAL CPC","0","0","TOTAL MOT","-1","N/A","0","false","-1","N/A","0","false","0","false","0","false","0","139760502675","139760502675","0","false","true",
"C","M","20120401","2012","4","201204","842","USA","USA","M","Import","0","W00","World","0","W00","World","H4","HS","true","TOTAL","All Commodities","0","false","C00","TOTAL CPC","0","0","TOTAL MOT","-1","N/A","0","false","-1","N/A","0","false","0","false","0","false","194220616666","0","194220616666","0","false","true",
"C","M","20120401","2012","4","201204","842","USA","USA","RX","Re-export","0","W00","World","0","W00","World","H4","HS","true","TOTAL","All Commodities","0","false","C00","TOTAL CPC","0","0","TOTAL MOT","-1","N/A","0","false","-1","N/A","0","false","0","false","0","false","0","15550700766","15550700766","0","false","true",
"C","M","20120401","2012","4","201204","842","USA","USA","X","Export","0","W00","World","0","W00","World","H4","HS","true","TOTAL","All Commodities","0","false","C00","TOTAL CPC","0","0","TOTAL MOT","-1","N/A","0","false","-1","N/A","0","false","0","false","0","false","0","127377156294","127377156294","0","false","true",
"C","M","20120501","2012","5","201205","842","USA","USA","M","Import","0","W00","World","0","W00","World","H4","HS","true","TOTAL","All Commodities","0","false","C00","TOTAL CPC","0","0","TOTAL MOT","-1","N/A","0","false","-1","N/A","0","false","0","false","0","false","203703337686","0","203703337686","0","false","true",
"C","M","20120501","2012","5","201205","842","USA","USA","RX","Re-export","0","W00","World","0","W00","World","H4","HS","true","TOTAL","All Commodities","0","false","C00","TOTAL CPC","0","0","TOTAL MOT","-1","N/A","0","false","-1","N/A","0","false","0","false","0","false","0","16328265847","16328265847","0","false","true",
"C","M","20120501","2012","5","201205","842","USA","USA","X","Export","0","W00","World","0","W00","World","H4","HS","true","TOTAL","All Commodities","0","false","C00","TOTAL CPC","0","0","TOTAL MOT","-1","N/A","0","false","-1","N/A","0","false","0","false","0","false","0","131457194003","131457194003","0","false","true",
"C","M","20120601","2012","6","201206","842","USA","USA","M","Import","0","W00","World","0","W00","World","H4","HS","true","TOTAL","All Commodities","0","false","C00","TOTAL CPC","0","0","TOTAL MOT","-1","N/A","0","false","-1","N/A","0","false","0","false","0","false","196759876501","0","196759876501","0","false","true",
"C","M","20120601","2012","6","201206","842","USA","USA","RX","Re-export","0","W00","World","0","W00","World","H4","HS","true","TOTAL","All Commodities","0","false","C00","TOTAL CPC","0","0","TOTAL MOT","-1","N/A","0","false","-1","N/A","0","false","0","false","0","false","0","17539922303","17539922303","0","false","true",
"C","M","20120601","2012","6","201206","842","USA","USA","X","Export","0","W00","World","0","W00","World","H4","HS","true","TOTAL","All Commodities","0","false","C00","TOTAL CPC","0","0","TOTAL MOT","-1","N/A","0","false","-1","N/A","0","false","0","false","0","false","0","132782028092","132782028092","0","false","true",
"C","M","20120701","2012","7","201207","842","USA","USA","M","Import","0","W00","World","0","W00","World","H4","HS","true","TOTAL","All Commodities","0","false","C00","TOTAL CPC","0","0","TOTAL MOT","-1","N/A","0","false","-1","N/A","0","false","0","false","0","false","197038199847","0","197038199847","0","false","true",
"C","M","20120701","2012","7","201207","842","USA","USA","RX","Re-export","0","W00","World","0","W00","World","H4","HS","true","TOTAL","All Commodities","0","false","C00","TOTAL CPC","0","0","TOTAL MOT","-1","N/A","0","false","-1","N/A","0","false","0","false","0","false","0","14909670483","14909670483","0","false","true",
"C","M","20120701","2012","7","201207","842","USA","USA","X","Export","0","W00","World","0","W00","World","H4","HS","true","TOTAL","All Commodities","0","false","C00","TOTAL CPC","0","0","TOTAL MOT","-1","N/A","0","false","-1","N/A","0","false","0","false","0","false","0","121608175744","121608175744","0","false","true",
"C","M","20120801","2012","8","201208","842","USA","USA","M","Import","0","W00","World","0","W00","World","H4","HS","true","TOTAL","All Commodities","0","false","C00","TOTAL CPC","0","0","TOTAL MOT","-1","N/A","0","false","-1","N/A","0","false","0","false","0","false","200053453114","0","200053453114","0","false","true",
"C","M","20120801","2012","8","201208","842","USA","USA","RX","Re-export","0","W00","World","0","W00","World","H4","HS","true","TOTAL","All Commodities","0","false","C00","TOTAL CPC","0","0","TOTAL MOT","-1","N/A","0","false","-1","N/A","0","false","0","false","0","false","0","15718115102","15718115102","0","false","true",
"C","M","20120801","2012","8","201208","842","USA","USA","X","Export","0","W00","World","0","W00","World","H4","HS","true","TOTAL","All Commodities","0","false","C00","TOTAL CPC","0","0","TOTAL MOT","-1","N/A","0","false","-1","N/A","0","false","0","false","0","false","0","128365716565","128365716565","0","false","true",
"C","M","20120901","2012","9","201209","842","USA","USA","M","Import","0","W00","World","0","W00","World","H4","HS","true","TOTAL","All Commodities","0","false","C00","TOTAL CPC","0","0","TOTAL MOT","-1","N/A","0","false","-1","N/A","0","false","0","false","0","false","191079432694","0","191079432694","0","false","true",
"C","M","20120901","2012","9","201209","842","USA","USA","RX","Re-export","0","W00","World","0","W00","World","H4","HS","true","TOTAL","All Commodities","0","false","C00","TOTAL CPC","0","0","TOTAL MOT","-1","N/A","0","false","-1","N/A","0","false","0","false","0","false","0","15830768053","15830768053","0","false","true",
"C","M","20120901","2012","9","201209","842","USA","USA","X","Export","0","W00","World","0","W00","World","H4","HS","true","TOTAL","All Commodities","0","false","C00","TOTAL CPC","0","0","TOTAL MOT","-1","N/A","0","false","-1","N/A","0","false","0","false","0","false","0","128267980419","128267980419","0","false","true",
"C","M","20121001","2012","10","201210","842","USA","USA","M","Import","0","W00","World","0","W00","World","H4","HS","true","TOTAL","All Commodities","0","false","C00","TOTAL CPC","0","0","TOTAL MOT","-1","N/A","0","false","-1","N/A","0","false","0","false","0","false","203665100105","0","203665100105","0","false","true",
"C","M","20121001","2012","10","201210","842","USA","USA","RX","Re-export","0","W00","World","0","W00","World","H4","HS","true","TOTAL","All Commodities","0","false","C00","TOTAL CPC","0","0","TOTAL MOT","-1","N/A","0","false","-1","N/A","0","false","0","false","0","false","0","16712758230","16712758230","0","false","true",
"C","M","20121001","2012","10","201210","842","USA","USA","X","Export","0","W00","World","0","W00","World","H4","HS","true","TOTAL","All Commodities","0","false","C00","TOTAL CPC","0","0","TOTAL MOT","-1","N/A","0","false","-1","N/A","0","false","0","false","0","false","0","133725948096","133725948096","0","false","true",
"C","M","20121101","2012","11","201211","842","USA","USA","M","Import","0","W00","World","0","W00","World","H4","HS","true","TOTAL","All Commodities","0","false","C00","TOTAL CPC","0","0","TOTAL MOT","-1","N/A","0","false","-1","N/A","0","false","0","false","0","false","199052700239","0","199052700239","0","false","true",
"C","M","20121101","2012","11","201211","842","USA","USA","RX","Re-export","0","W00","World","0","W00","World","H4","HS","true","TOTAL","All Commodities","0","false","C00","TOTAL CPC","0","0","TOTAL MOT","-1","N/A","0","false","-1","N/A","0","false","0","false","0","false","0","16472286992","16472286992","0","false","true",
"C","M","20121101","2012","11","201211","842","USA","USA","X","Export","0","W00","World","0","W00","World","H4","HS","true","TOTAL","All Commodities","0","false","C00","TOTAL CPC","0","0","TOTAL MOT","-1","N/A","0","false","-1","N/A","0","false","0","false","0","false","0","130138996840","130138996840","0","false","true",
"C","M","20121201","2012","12","201212","842","USA","USA","M","Import","0","W00","World","0","W00","World","H4","HS","true","TOTAL","All Commodities","0","false","C00","TOTAL CPC","0","0","TOTAL MOT","-1","N/A","0","false","-1","N/A","0","false","0","false","0","false","181580411593","0","181580411593","0","false","true",
"C","M","20121201","2012","12","201212","842","USA","USA","RX","Re-export","0","W00","World","0","W00","World","H4","HS","true","TOTAL","All Commodities","0","false","C00","TOTAL CPC","0","0","TOTAL MOT","-1","N/A","0","false","-1","N/A","0","false","0","false","0","false","0","15602449600","15602449600","0","false","true",
"C","M","20121201","2012","12","201212","842","USA","USA","X","Export","0","W00","World","0","W00","World","H4","HS","true","TOTAL","All Commodities","0","false","C00","TOTAL CPC","0","0","TOTAL MOT","-1","N/A","0","false","-1","N/A","0","false","0","false","0","false","0","130476357327","130476357327","0","false","true",
