"TypeCode","FreqCode","RefPeriodId","RefYear","RefMonth","Period","ReporterCode","ReporterISO","ReporterDesc","FlowCode","FlowDesc","PartnerCode","PartnerISO","PartnerDesc","Partner2Code","Partner2ISO","Partner2Desc","ClassificationCode","ClassificationSearchCode","IsOriginalClassification","CmdCode","CmdDesc","AggrLevel","IsLeaf","CustomsCode","CustomsDesc","MosCode","MotCode","MotDesc","QtyUnitCode","QtyUnitAbbr","Qty","IsQtyEstimated","AltQtyUnitCode","AltQtyUnitAbbr","AtlQty","IsAltQtyEstimated","NetWgt","IsNetWgtEstimated","GrossWgt","IsGrossWgtEstimated","Cifvalue","Fobvalue","PrimaryValue","LegacyEstimationFlag","IsReported","IsAggregate",
"C","M","20140101","2014","1","201401","842","USA","USA","M","Import","0","W00","World","0","W00","World","H4","HS","true","TOTAL","All Commodities","0","false","C00","TOTAL CPC","0","0","TOTAL MOT","-1","N/A","0","false","-1","N/A","0","false","0","false","0","false","189689988788","0","189689988788","0","false","true",
"C","M","20140101","2014","1","201401","842","USA","USA","RX","Re-export","0","W00","World","0","W00","World","H4","HS","true","TOTAL","All Commodities","0","false","C00","TOTAL CPC","0","0","TOTAL MOT","-1","N/A","0","false","-1","N/A","0","false","0","false","0","false","0","16778957042","16778957042","0","false","true",
"C","M","20140101","2014","1","201401","842","USA","USA","X","Export","0","W00","World","0","W00","World","H4","HS","true","TOTAL","All Commodities","0","false","C00","TOTAL CPC","0","0","TOTAL MOT","-1","N/A","0","false","-1","N/A","0","false","0","false","0","false","0","127431068423","127431068423","0","false","true",
"C","M","20140201","2014","2","201402","842","USA","USA","M","Import","0","W00","World","0","W00","World","H4","HS","true","TOTAL","All Commodities","0","false","C00","TOTAL CPC","0","0","TOTAL MOT","-1","N/A","0","false","-1","N/A","0","false","0","false","0","false","174869900319","0","174869900319","0","false","true",
"C","M","20140201","2014","2","201402","842","USA","USA","RX","Re-export","0","W00","World","0","W00","World","H4","HS","true","TOTAL","All Commodities","0","false","C00","TOTAL CPC","0","0","TOTAL MOT","-1","N/A","0","false","-1","N/A","0","false","0","false","0","false","0","16717239740","16717239740","0","false","true",
"C","M","20140201","2014","2","201402","842","USA","USA","X","Export","0","W00","World","0","W00","World","H4","HS","true","TOTAL","All Commodities","0","false","C00","TOTAL CPC","0","0","TOTAL MOT","-1","N/A","0","false","-1","N/A","0","false","0","false","0","false","0","123884008510","123884008510","0","false","true",
"C","M","20140301","2014","3","201403","842","USA","USA","M","Import","0","W00","World","0","W00","World","H4","HS","true","TOTAL","All Commodities","0","false","C00","TOTAL CPC","0","0","TOTAL MOT","-1","N/A","0","false","-1","N/A","0","false","0","false","0","false","197653685408","0","197653685408","0","false","true",
"C","M","20140301","2014","3","201403","842","USA","USA","RX","Re-export","0","W00","World","0","W00","World","H4","HS","true","TOTAL","All Commodities","0","false","C00","TOTAL CPC","0","0","TOTAL MOT","-1","N/A","0","false","-1","N/A","0","false","0","false","0","false","0","19254992561","19254992561","0","false","true",
"C","M","20140301","2014","3","201403","842","USA","USA","X","Export","0","W00","World","0","W00","World","H4","HS","true","TOTAL","All Commodities","0","false","C00","TOTAL CPC","0","0","TOTAL MOT","-1","N/A","0","false","-1","N/A","0","false","0","false","0","false","0","141888293520","141888293520","0","false","true",
"C","M","20140401","2014","4","201404","842","USA","USA","M","Import","0","W00","World","0","W00","World","H4","HS","true","TOTAL","All Commodities","0","false","C00","TOTAL CPC","0","0","TOTAL MOT","-1","N/A","0","false","-1","N/A","0","false","0","false","0","false","206050951503","0","206050951503","0","false","true",
"C","M","20140401","2014","4","201404","842","USA","USA","RX","Re-export","0","W00","World","0","W00","World","H4","HS","true","TOTAL","All Commodities","0","false","C00","TOTAL CPC","0","0","TOTAL MOT","-1","N/A","0","false","-1","N/A","0","false","0","false","0","false","0","17859967956","17859967956","0","false","true",
"C","M","20140401","2014","4","201404","842","USA","USA","X","Export","0","W00","World","0","W00","World","H4","HS","true","TOTAL","All Commodities","0","false","C00","TOTAL CPC","0","0","TOTAL MOT","-1","N/A","0","false","-1","N/A","0","false","0","false","0","false","0","133799264464","133799264464","0","false","true",
"C","M","20140501","2014","5","201405","842","USA","USA","M","Import","0","W00","World","0","W00","World","H4","HS","true","TOTAL","All Commodities","0","false","C00","TOTAL CPC","0","0","TOTAL MOT","-1","N/A","0","false","-1","N/A","0","false","0","false","0","false","205347854239","0","205347854239","0","false","true",
"C","M","20140501","2014","5","201405","842","USA","USA","RX","Re-export","0","W00","World","0","W00","World","H4","HS","true","TOTAL","All Commodities","0","false","C00","TOTAL CPC","0","0","TOTAL MOT","-1","N/A","0","false","-1","N/A","0","false","0","false","0","false","0","18602286565","18602286565","0","false","true",
"C","M","20140501","2014","5","201405","842","USA","USA","X","Export","0","W00","World","0","W00","World","H4","HS","true","TOTAL","All Commodities","0","false","C00","TOTAL CPC","0","0","TOTAL MOT","-1","N/A","0","false","-1","N/A","0","false","0","false","0","false","0","138150356042","138150356042","0","false","true",
"C","M","20140601","2014","6","201406","842","USA","USA","M","Import","0","W00","World","0","W00","World","H4","HS","true","TOTAL","All Commodities","0","false","C00","TOTAL CPC","0","0","TOTAL MOT","-1","N/A","0","false","-1","N/A","0","false","0","false","0","false","202492654083","0","202492654083","0","false","true",
"C","M","20140601","2014","6","201406","842","USA","USA","RX","Re-export","0","W00","World","0","W00","World","H4","HS","true","TOTAL","All Commodities","0","false","C00","TOTAL CPC","0","0","TOTAL MOT","-1","N/A","0","false","-1","N/A","0","false","0","false","0","false","0","19801110834","19801110834","0","false","true",
"C","M","20140601","2014","6","201406","842","USA","USA","X","Export","0","W00","World","0","W00","World","H4","HS","true","TOTAL","All Commodities","0","false","C00","TOTAL CPC","0","0","TOTAL MOT","-1","N/A","0","false","-1","N/A","0","false","0","false","0","false","0","138370598053","138370598053","0","false","true",
"C","M","20140701","2014","7","201407","842","USA","USA","M","Import","0","W00","World","0","W00","World","H4","HS","true","TOTAL","All Commodities","0","false","C00","TOTAL CPC","0","0","TOTAL MOT","-1","N/A","0","false","-1","N/A","0","false","0","false","0","false","210038297808","0","210038297808","0","false","true",
"C","M","20140701","2014","7","201407","842","USA","USA","RX","Re-export","0","W00","World","0","W00","World","H4","HS","true","TOTAL","All Commodities","0","false","C00","TOTAL CPC","0","0","TOTAL MOT","-1","N/A","0","false","-1","N/A","0","false","0","false","0","false","0","18037418048","18037418048","0","false","true",
"C","M","20140701","2014","7","201407","842","USA","USA","X","Export","0","W00","World","0","W00","World","H4","HS","true","TOTAL","All Commodities","0","false","C00","TOTAL CPC","0","0","TOTAL MOT","-1","N/A","0","false","-1","N/A","0","false","0","false","0","false","0","133263080699","133263080699","0","false","true",
"C","M","20140801","2014","8","201408","842","USA","USA","M","Import","0","W00","World","0","W00","World","H4","HS","true","TOTAL","All Commodities","0","false","C00","TOTAL CPC","0","0","TOTAL MOT","-1","N/A","0","false","-1","N/A","0","false","0","false","0","false","201646665091","0","201646665091","0","false","true",
"C","M","20140801","2014","8","201408","842","USA","USA","RX","Re-export","0","W00","World","0","W00","World","H4","HS","true","TOTAL","All Commodities","0","false","C00","TOTAL CPC","0","0","TOTAL MOT","-1","N/A","0","false","-1","N/A","0","false","0","false","0","false","0","17912302093","17912302093","0","false","true",
"C","M","20140801","2014","8","201408","842","USA","USA","X","Export","0","W00","World","0","W00","World","H4","HS","true","TOTAL","All Commodities","0","false","C00","TOTAL CPC","0","0","TOTAL MOT","-1","N/A","0","false","-1","N/A","0","false","0","false","0","false","0","138003605824","138003605824","0","false","true",
"C","M","20140901","2014","9","201409","842","USA","USA","M","Import","0","W00","World","0","W00","World","H4","HS","true","TOTAL","All Commodities","0","false","C00","TOTAL CPC","0","0","TOTAL MOT","-1","N/A","0","false","-1","N/A","0","false","0","false","0","false","208105297715","0","208105297715","0","false","true",
"C","M","20140901","2014","9","201409","842","USA","USA","RX","Re-export","0","W00","World","0","W00","World","H4","HS","true","TOTAL","All Commodities","0","false","C00","TOTAL CPC","0","0","TOTAL MOT","-1","N/A","0","false","-1","N/A","0","false","0","false","0","false","0","18750620218","18750620218","0","false","true",
"C","M","20140901","2014","9","201409","842","USA","USA","X","Export","0","W00","World","0","W00","World","H4","HS","true","TOTAL","All Commodities","0","false","C00","TOTAL CPC","0","0","TOTAL MOT","-1","N/A","0","false","-1","N/A","0","false","0","false","0","false","0","133416948355","133416948355","0","false","true",
"C","M","20141001","2014","10","201410","842","USA","USA","M","Import","0","W00","World","0","W00","World","H4","HS","true","TOTAL","All Commodities","0","false","C00","TOTAL CPC","0","0","TOTAL MOT","-1","N/A","0","false","-1","N/A","0","false","0","false","0","false","216893937197","0","216893937197","0","false","true",
"C","M","20141001","2014","10","201410","842","USA","USA","RX","Re-export","0","W00","World","0","W00","World","H4","HS","true","TOTAL","All Commodities","0","false","C00","TOTAL CPC","0","0","TOTAL MOT","-1","N/A","0","false","-1","N/A","0","false","0","false","0","false","0","20171998085","20171998085","0","false","true",
"C","M","20141001","2014","10","201410","842","USA","USA","X","Export","0","W00","World","0","W00","World","H4","HS","true","TOTAL","All Commodities","0","false","C00","TOTAL CPC","0","0","TOTAL MOT","-1","N/A","0","false","-1","N/A","0","false","0","false","0","false","0","145277703997","145277703997","0","false","true",
"C","M","20141101","2014","11","201411","842","USA","USA","M","Import","0","W00","World","0","W00","World","H4","HS","true","TOTAL","All Commodities","0","false","C00","TOTAL CPC","0","0","TOTAL MOT","-1","N/A","0","false","-1","N/A","0","false","0","false","0","false","193992944875","0","193992944875","0","false","true",
"C","M","20141101","2014","11","201411","842","USA","USA","RX","Re-export","0","W00","World","0","W00","World","H4","HS","true","TOTAL","All Commodities","0","false","C00","TOTAL CPC","0","0","TOTAL MOT","-1","N/A","0","false","-1","N/A","0","false","0","false","0","false","0","18496436416","18496436416","0","false","true",
"C","M","20141101","2014","11","201411","842","USA","USA","X","Export","0","W00","World","0","W00","World","H4","HS","true","TOTAL","All Commodities","0","false","C00","TOTAL CPC","0","0","TOTAL MOT","-1","N/A","0","false","-1","N/A","0","false","0","false","0","false","0","135339275061","135339275061","0","false","true",
"C","M","20141201","2014","12","201412","842","USA","USA","M","Import","0","W00","World","0","W00","World","H4","HS","true","TOTAL","All Commodities","0","false","C00","TOTAL CPC","0","0","TOTAL MOT","-1","N/A","0","false","-1","N/A","0","false","0","false","0","false","201316535006","0","201316535006","0","false","true",
"C","M","20141201","2014","12","201412","842","USA","USA","RX","Re-export","0","W00","World","0","W00","World","H4","HS","true","TOTAL","All Commodities","0","false","C00","TOTAL CPC","0","0","TOTAL MOT","-1","N/A","0","false","-1","N/A","0","false","0","false","0","false","0","18300247399","18300247399","0","false","true",
"C","M","20141201","2014","12","201412","842","USA","USA","X","Export","0","W00","World","0","W00","World","H4","HS","true","TOTAL","All Commodities","0","false","C00","TOTAL CPC","0","0","TOTAL MOT","-1","N/A","0","false","-1","N/A","0","false","0","false","0","false","0","133833257768","133833257768","0","false","true",
