"TypeCode","FreqCode","RefPeriodId","RefYear","RefMonth","Period","ReporterCode","ReporterISO","ReporterDesc","FlowCode","FlowDesc","PartnerCode","PartnerISO","PartnerDesc","Partner2Code","Partner2ISO","Partner2Desc","ClassificationCode","ClassificationSearchCode","IsOriginalClassification","CmdCode","CmdDesc","AggrLevel","IsLeaf","CustomsCode","CustomsDesc","MosCode","MotCode","MotDesc","QtyUnitCode","QtyUnitAbbr","Qty","IsQtyEstimated","AltQtyUnitCode","AltQtyUnitAbbr","AtlQty","IsAltQtyEstimated","NetWgt","IsNetWgtEstimated","GrossWgt","IsGrossWgtEstimated","Cifvalue","Fobvalue","PrimaryValue","LegacyEstimationFlag","IsReported","IsAggregate",
"C","M","20150101","2015","1","201501","842","USA","USA","M","Import","0","W00","World","0","W00","World","H4","HS","true","TOTAL","All Commodities","0","false","C00","TOTAL CPC","0","0","TOTAL MOT","-1","N/A","0","false","-1","N/A","0","false","0","false","0","false","184745170594","0","184745170594","0","false","true",
"C","M","20150101","2015","1","201501","842","USA","USA","RX","Re-export","0","W00","World","0","W00","World","H4","HS","true","TOTAL","All Commodities","0","false","C00","TOTAL CPC","0","0","TOTAL MOT","-1","N/A","0","false","-1","N/A","0","false","0","false","0","false","0","17038928461","17038928461","0","false","true",
"C","M","20150101","2015","1","201501","842","USA","USA","X","Export","0","W00","World","0","W00","World","H4","HS","true","TOTAL","All Commodities","0","false","C00","TOTAL CPC","0","0","TOTAL MOT","-1","N/A","0","false","-1","N/A","0","false","0","false","0","false","0","121439383029","121439383029","0","false","true",
"C","M","20150201","2015","2","201502","842","USA","USA","M","Import","0","W00","World","0","W00","World","H4","HS","true","TOTAL","All Commodities","0","false","C00","TOTAL CPC","0","0","TOTAL MOT","-1","N/A","0","false","-1","N/A","0","false","0","false","0","false","166788848213","0","166788848213","0","false","true",
"C","M","20150201","2015","2","201502","842","USA","USA","RX","Re-export","0","W00","World","0","W00","World","H4","HS","true","TOTAL","All Commodities","0","false","C00","TOTAL CPC","0","0","TOTAL MOT","-1","N/A","0","false","-1","N/A","0","false","0","false","0","false","0","17323362095","17323362095","0","false","true",
"C","M","20150201","2015","2","201502","842","USA","USA","X","Export","0","W00","World","0","W00","World","H4","HS","true","TOTAL","All Commodities","0","false","C00","TOTAL CPC","0","0","TOTAL MOT","-1","N/A","0","false","-1","N/A","0","false","0","false","0","false","0","118286046530","118286046530","0","false","true",
"C","M","20150301","2015","3","201503","842","USA","USA","M","Import","0","W00","World","0","W00","World","H4","HS","true","TOTAL","All Commodities","0","false","C00","TOTAL CPC","0","0","TOTAL MOT","-1","N/A","0","false","-1","N/A","0","false","0","false","0","false","203662851812","0","203662851812","0","false","true",
"C","M","20150301","2015","3","201503","842","USA","USA","RX","Re-export","0","W00","World","0","W00","World","H4","HS","true","TOTAL","All Commodities","0","false","C00","TOTAL CPC","0","0","TOTAL MOT","-1","N/A","0","false","-1","N/A","0","false","0","false","0","false","0","18537152650","18537152650","0","false","true",
"C","M","20150301","2015","3","201503","842","USA","USA","X","Export","0","W00","World","0","W00","World","H4","HS","true","TOTAL","All Commodities","0","false","C00","TOTAL CPC","0","0","TOTAL MOT","-1","N/A","0","false","-1","N/A","0","false","0","false","0","false","0","133281207416","133281207416","0","false","true",
"C","M","20150401","2015","4","201504","842","USA","USA","M","Import","0","W00","World","0","W00","World","H4","HS","true","TOTAL","All Commodities","0","false","C00","TOTAL CPC","0","0","TOTAL MOT","-1","N/A","0","false","-1","N/A","0","false","0","false","0","false","194533558906","0","194533558906","0","false","true",
"C","M","20150401","2015","4","201504","842","USA","USA","RX","Re-export","0","W00","World","0","W00","World","H4","HS","true","TOTAL","All Commodities","0","false","C00","TOTAL CPC","0","0","TOTAL MOT","-1","N/A","0","false","-1","N/A","0","false","0","false","0","false","0","17186480132","17186480132","0","false","true",
"C","M","20150401","2015","4","201504","842","USA","USA","X","Export","0","W00","World","0","W00","World","H4","HS","true","TOTAL","All Commodities","0","false","C00","TOTAL CPC","0","0","TOTAL MOT","-1","N/A","0","false","-1","N/A","0","false","0","false","0","false","0","128247315144","128247315144","0","false","true",
"C","M","20150501","2015","5","201505","842","USA","USA","M","Import","0","W00","World","0","W00","World","H4","HS","true","TOTAL","All Commodities","0","false","C00","TOTAL CPC","0","0","TOTAL MOT","-1","N/A","0","false","-1","N/A","0","false","0","false","0","false","191492538570","0","191492538570","0","false","true",
"C","M","20150501","2015","5","201505","842","USA","USA","RX","Re-export","0","W00","World","0","W00","World","H4","HS","true","TOTAL","All Commodities","0","false","C00","TOTAL CPC","0","0","TOTAL MOT","-1","N/A","0","false","-1","N/A","0","false","0","false","0","false","0","17519474119","17519474119","0","false","true",
"C","M","20150501","2015","5","201505","842","USA","USA","X","Export","0","W00","World","0","W00","World","H4","HS","true","TOTAL","All Commodities","0","false","C00","TOTAL CPC","0","0","TOTAL MOT","-1","N/A","0","false","-1","N/A","0","false","0","false","0","false","0","128142016091","128142016091","0","false","true",
"C","M","20150601","2015","6","201506","842","USA","USA","M","Import","0","W00","World","0","W00","World","H4","HS","true","TOTAL","All Commodities","0","false","C00","TOTAL CPC","0","0","TOTAL MOT","-1","N/A","0","false","-1","N/A","0","false","0","false","0","false","201743707769","0","201743707769","0","false","true",
"C","M","20150601","2015","6","201506","842","USA","USA","RX","Re-export","0","W00","World","0","W00","World","H4","HS","true","TOTAL","All Commodities","0","false","C00","TOTAL CPC","0","0","TOTAL MOT","-1","N/A","0","false","-1","N/A","0","false","0","false","0","false","0","19533788213","19533788213","0","false","true",
"C","M","20150601","2015","6","201506","842","USA","USA","X","Export","0","W00","World","0","W00","World","H4","HS","true","TOTAL","All Commodities","0","false","C00","TOTAL CPC","0","0","TOTAL MOT","-1","N/A","0","false","-1","N/A","0","false","0","false","0","false","0","130946483350","130946483350","0","false","true",
"C","M","20150701","2015","7","201507","842","USA","USA","M","Import","0","W00","World","0","W00","World","H4","HS","true","TOTAL","All Commodities","0","false","C00","TOTAL CPC","0","0","TOTAL MOT","-1","N/A","0","false","-1","N/A","0","false","0","false","0","false","198187451473","0","198187451473","0","false","true",
"C","M","20150701","2015","7","201507","842","USA","USA","RX","Re-export","0","W00","World","0","W00","World","H4","HS","true","TOTAL","All Commodities","0","false","C00","TOTAL CPC","0","0","TOTAL MOT","-1","N/A","0","false","-1","N/A","0","false","0","false","0","false","0","17654518212","17654518212","0","false","true",
"C","M","20150701","2015","7","201507","842","USA","USA","X","Export","0","W00","World","0","W00","World","H4","HS","true","TOTAL","All Commodities","0","false","C00","TOTAL CPC","0","0","TOTAL MOT","-1","N/A","0","false","-1","N/A","0","false","0","false","0","false","0","124094043067","124094043067","0","false","true",
"C","M","20150801","2015","8","201508","842","USA","USA","M","Import","0","W00","World","0","W00","World","H4","HS","true","TOTAL","All Commodities","0","false","C00","TOTAL CPC","0","0","TOTAL MOT","-1","N/A","0","false","-1","N/A","0","false","0","false","0","false","195973769980","0","195973769980","0","false","true",
"C","M","20150801","2015","8","201508","842","USA","USA","RX","Re-export","0","W00","World","0","W00","World","H4","HS","true","TOTAL","All Commodities","0","false","C00","TOTAL CPC","0","0","TOTAL MOT","-1","N/A","0","false","-1","N/A","0","false","0","false","0","false","0","16541250224","16541250224","0","false","true",
"C","M","20150801","2015","8","201508","842","USA","USA","X","Export","0","W00","World","0","W00","World","H4","HS","true","TOTAL","All Commodities","0","false","C00","TOTAL CPC","0","0","TOTAL MOT","-1","N/A","0","false","-1","N/A","0","false","0","false","0","false","0","123021273830","123021273830","0","false","true",
"C","M","20150901","2015","9","201509","842","USA","USA","M","Import","0","W00","World","0","W00","World","H4","HS","true","TOTAL","All Commodities","0","false","C00","TOTAL CPC","0","0","TOTAL MOT","-1","N/A","0","false","-1","N/A","0","false","0","false","0","false","196736744267","0","196736744267","0","false","true",
"C","M","20150901","2015","9","201509","842","USA","USA","RX","Re-export","0","W00","World","0","W00","World","H4","HS","true","TOTAL","All Commodities","0","false","C00","TOTAL CPC","0","0","TOTAL MOT","-1","N/A","0","false","-1","N/A","0","false","0","false","0","false","0","18563562252","18563562252","0","false","true",
"C","M","20150901","2015","9","201509","842","USA","USA","X","Export","0","W00","World","0","W00","World","H4","HS","true","TOTAL","All Commodities","0","false","C00","TOTAL CPC","0","0","TOTAL MOT","-1","N/A","0","false","-1","N/A","0","false","0","false","0","false","0","125330879433","125330879433","0","false","true",
"C","M","20151001","2015","10","201510","842","USA","USA","M","Import","0","W00","World","0","W00","World","H4","HS","true","TOTAL","All Commodities","0","false","C00","TOTAL CPC","0","0","TOTAL MOT","-1","N/A","0","false","-1","N/A","0","false","0","false","0","false","200474368876","0","200474368876","0","false","true",
"C","M","20151001","2015","10","201510","842","USA","USA","RX","Re-export","0","W00","World","0","W00","World","H4","HS","true","TOTAL","All Commodities","0","false","C00","TOTAL CPC","0","0","TOTAL MOT","-1","N/A","0","false","-1","N/A","0","false","0","false","0","false","0","18996953295","18996953295","0","false","true",
"C","M","20151001","2015","10","201510","842","USA","USA","X","Export","0","W00","World","0","W00","World","H4","HS","true","TOTAL","All Commodities","0","false","C00","TOTAL CPC","0","0","TOTAL MOT","-1","N/A","0","false","-1","N/A","0","false","0","false","0","false","0","130558801837","130558801837","0","false","true",
"C","M","20151101","2015","11","201511","842","USA","USA","M","Import","0","W00","World","0","W00","World","H4","HS","true","TOTAL","All Commodities","0","false","C00","TOTAL CPC","0","0","TOTAL MOT","-1","N/A","0","false","-1","N/A","0","false","0","false","0","false","187533708457","0","187533708457","0","false","true",
"C","M","20151101","2015","11","201511","842","USA","USA","RX","Re-export","0","W00","World","0","W00","World","H4","HS","true","TOTAL","All Commodities","0","false","C00","TOTAL CPC","0","0","TOTAL MOT","-1","N/A","0","false","-1","N/A","0","false","0","false","0","false","0","17480931149","17480931149","0","false","true",
"C","M","20151101","2015","11","201511","842","USA","USA","X","Export","0","W00","World","0","W00","World","H4","HS","true","TOTAL","All Commodities","0","false","C00","TOTAL CPC","0","0","TOTAL MOT","-1","N/A","0","false","-1","N/A","0","false","0","false","0","false","0","120682409319","120682409319","0","false","true",
"C","M","20151201","2015","12","201512","842","USA","USA","M","Import","0","W00","World","0","W00","World","H4","HS","true","TOTAL","All Commodities","0","false","C00","TOTAL CPC","0","0","TOTAL MOT","-1","N/A","0","false","-1","N/A","0","false","0","false","0","false","184949442352","0","184949442352","0","false","true",
"C","M","20151201","2015","12","201512","842","USA","USA","RX","Re-export","0","W00","World","0","W00","World","H4","HS","true","TOTAL","All Commodities","0","false","C00","TOTAL CPC","0","0","TOTAL MOT","-1","N/A","0","false","-1","N/A","0","false","0","false","0","false","0","18759892208","18759892208","0","false","true",
"C","M","20151201","2015","12","201512","842","USA","USA","X","Export","0","W00","World","0","W00","World","H4","HS","true","TOTAL","All Commodities","0","false","C00","TOTAL CPC","0","0","TOTAL MOT","-1","N/A","0","false","-1","N/A","0","false","0","false","0","false","0","119840579272","119840579272","0","false","true",
