"TypeCode","FreqCode","RefPeriodId","RefYear","RefMonth","Period","ReporterCode","ReporterISO","ReporterDesc","FlowCode","FlowDesc","PartnerCode","PartnerISO","PartnerDesc","Partner2Code","Partner2ISO","Partner2Desc","ClassificationCode","ClassificationSearchCode","IsOriginalClassification","CmdCode","CmdDesc","AggrLevel","IsLeaf","CustomsCode","CustomsDesc","MosCode","MotCode","MotDesc","QtyUnitCode","QtyUnitAbbr","Qty","IsQtyEstimated","AltQtyUnitCode","AltQtyUnitAbbr","AtlQty","IsAltQtyEstimated","NetWgt","IsNetWgtEstimated","GrossWgt","IsGrossWgtEstimated","Cifvalue","Fobvalue","PrimaryValue","LegacyEstimationFlag","IsReported","IsAggregate",
"C","M","20160101","2016","1","201601","842","USA","USA","DX","Domestic Export","0","W00","World","0","W00","World","H4","HS","true","TOTAL","All Commodities","0","false","C00","TOTAL CPC","0","0","TOTAL MOT","-1","N/A","0","false","-1","N/A","0","false","0","true","0","false","0","91267425262","91267425262","4","false","true",
"C","M","20160101","2016","1","201601","842","USA","USA","M","Import","0","W00","World","0","W00","World","H4","HS","true","TOTAL","All Commodities","0","false","C00","TOTAL CPC","0","0","TOTAL MOT","-1","N/A","0","false","-1","N/A","0","false","0","true","0","false","170770745258","165667342549","170770745258","4","false","true",
"C","M","20160101","2016","1","201601","842","USA","USA","RX","Re-export","0","W00","World","0","W00","World","H4","HS","true","TOTAL","All Commodities","0","false","C00","TOTAL CPC","0","0","TOTAL MOT","-1","N/A","0","false","-1","N/A","0","false","0","false","0","false","0","16608329751","16608329751","0","false","true",
"C","M","20160101","2016","1","201601","842","USA","USA","X","Export","0","W00","World","0","W00","World","H4","HS","true","TOTAL","All Commodities","0","false","C00","TOTAL CPC","0","0","TOTAL MOT","-1","N/A","0","false","-1","N/A","0","false","0","true","0","false","0","107875755013","107875755013","4","false","true",
"C","M","20160201","2016","2","201602","842","USA","USA","DX","Domestic Export","0","W00","World","0","W00","World","H4","HS","true","TOTAL","All Commodities","0","false","C00","TOTAL CPC","0","0","TOTAL MOT","-1","N/A","0","false","-1","N/A","0","false","0","true","0","false","0","95404541212","95404541212","4","false","true",
"C","M","20160201","2016","2","201602","842","USA","USA","M","Import","0","W00","World","0","W00","World","H4","HS","true","TOTAL","All Commodities","0","false","C00","TOTAL CPC","0","0","TOTAL MOT","-1","N/A","0","false","-1","N/A","0","false","0","true","0","false","172971453790","167885719815","172971453790","4","false","true",
"C","M","20160201","2016","2","201602","842","USA","USA","RX","Re-export","0","W00","World","0","W00","World","H4","HS","true","TOTAL","All Commodities","0","false","C00","TOTAL CPC","0","0","TOTAL MOT","-1","N/A","0","false","-1","N/A","0","false","0","false","0","false","0","18024964134","18024964134","0","false","true",
"C","M","20160201","2016","2","201602","842","USA","USA","X","Export","0","W00","World","0","W00","World","H4","HS","true","TOTAL","All Commodities","0","false","C00","TOTAL CPC","0","0","TOTAL MOT","-1","N/A","0","false","-1","N/A","0","false","0","true","0","false","0","113429505346","113429505346","4","false","true",
"C","M","20160301","2016","3","201603","842","USA","USA","DX","Domestic Export","0","W00","World","0","W00","World","H4","HS","true","TOTAL","All Commodities","0","false","C00","TOTAL CPC","0","0","TOTAL MOT","-1","N/A","0","false","-1","N/A","0","false","0","true","0","false","0","106166485109","106166485109","4","false","true",
"C","M","20160301","2016","3","201603","842","USA","USA","M","Import","0","W00","World","0","W00","World","H4","HS","true","TOTAL","All Commodities","0","false","C00","TOTAL CPC","0","0","TOTAL MOT","-1","N/A","0","false","-1","N/A","0","false","0","true","0","false","183280155334","178248627451","183280155334","4","false","true",
"C","M","20160301","2016","3","201603","842","USA","USA","RX","Re-export","0","W00","World","0","W00","World","H4","HS","true","TOTAL","All Commodities","0","false","C00","TOTAL CPC","0","0","TOTAL MOT","-1","N/A","0","false","-1","N/A","0","false","0","false","0","false","0","19313949013","19313949013","0","false","true",
"C","M","20160301","2016","3","201603","842","USA","USA","X","Export","0","W00","World","0","W00","World","H4","HS","true","TOTAL","All Commodities","0","false","C00","TOTAL CPC","0","0","TOTAL MOT","-1","N/A","0","false","-1","N/A","0","false","0","true","0","false","0","125480434122","125480434122","4","false","true",
"C","M","20160401","2016","4","201604","842","USA","USA","DX","Domestic Export","0","W00","World","0","W00","World","H4","HS","true","TOTAL","All Commodities","0","false","C00","TOTAL CPC","0","0","TOTAL MOT","-1","N/A","0","false","-1","N/A","0","false","0","true","0","false","0","100698747358","100698747358","4","false","true",
"C","M","20160401","2016","4","201604","842","USA","USA","M","Import","0","W00","World","0","W00","World","H4","HS","true","TOTAL","All Commodities","0","false","C00","TOTAL CPC","0","0","TOTAL MOT","-1","N/A","0","false","-1","N/A","0","false","0","true","0","false","178860148491","173822344194","178860148491","4","false","true",
"C","M","20160401","2016","4","201604","842","USA","USA","RX","Re-export","0","W00","World","0","W00","World","H4","HS","true","TOTAL","All Commodities","0","false","C00","TOTAL CPC","0","0","TOTAL MOT","-1","N/A","0","false","-1","N/A","0","false","0","false","0","false","0","17961172021","17961172021","0","false","true",
"C","M","20160401","2016","4","201604","842","USA","USA","X","Export","0","W00","World","0","W00","World","H4","HS","true","TOTAL","All Commodities","0","false","C00","TOTAL CPC","0","0","TOTAL MOT","-1","N/A","0","false","-1","N/A","0","false","0","true","0","false","0","118659919379","118659919379","4","false","true",
"C","M","20160501","2016","5","201605","842","USA","USA","DX","Domestic Export","0","W00","World","0","W00","World","H4","HS","true","TOTAL","All Commodities","0","false","C00","TOTAL CPC","0","0","TOTAL MOT","-1","N/A","0","false","-1","N/A","0","false","0","true","0","false","0","102173706759","102173706759","4","false","true",
"C","M","20160501","2016","5","201605","842","USA","USA","M","Import","0","W00","World","0","W00","World","H4","HS","true","TOTAL","All Commodities","0","false","C00","TOTAL CPC","0","0","TOTAL MOT","-1","N/A","0","false","-1","N/A","0","false","0","true","0","false","188419615636","183240490605","188419615636","4","false","true",
"C","M","20160501","2016","5","201605","842","USA","USA","RX","Re-export","0","W00","World","0","W00","World","H4","HS","true","TOTAL","All Commodities","0","false","C00","TOTAL CPC","0","0","TOTAL MOT","-1","N/A","0","false","-1","N/A","0","false","0","false","0","false","0","17396498751","17396498751","0","false","true",
"C","M","20160501","2016","5","201605","842","USA","USA","X","Export","0","W00","World","0","W00","World","H4","HS","true","TOTAL","All Commodities","0","false","C00","TOTAL CPC","0","0","TOTAL MOT","-1","N/A","0","false","-1","N/A","0","false","0","true","0","false","0","119570205510","119570205510","4","false","true",
"C","M","20160601","2016","6","201606","842","USA","USA","DX","Domestic Export","0","W00","World","0","W00","World","H4","HS","true","TOTAL","All Commodities","0","false","C00","TOTAL CPC","0","0","TOTAL MOT","-1","N/A","0","false","-1","N/A","0","false","0","true","0","false","0","104876946105","104876946105","4","false","true",
"C","M","20160601","2016","6","201606","842","USA","USA","M","Import","0","W00","World","0","W00","World","H4","HS","true","TOTAL","All Commodities","0","false","C00","TOTAL CPC","0","0","TOTAL MOT","-1","N/A","0","false","-1","N/A","0","false","0","true","0","false","193574151430","188400478922","193574151430","4","false","true",
"C","M","20160601","2016","6","201606","842","USA","USA","RX","Re-export","0","W00","World","0","W00","World","H4","HS","true","TOTAL","All Commodities","0","false","C00","TOTAL CPC","0","0","TOTAL MOT","-1","N/A","0","false","-1","N/A","0","false","0","false","0","false","0","20190972187","20190972187","0","false","true",
"C","M","20160601","2016","6","201606","842","USA","USA","X","Export","0","W00","World","0","W00","World","H4","HS","true","TOTAL","All Commodities","0","false","C00","TOTAL CPC","0","0","TOTAL MOT","-1","N/A","0","false","-1","N/A","0","false","0","true","0","false","0","125067918292","125067918292","4","false","true",
"C","M","20160701","2016","7","201607","842","USA","USA","DX","Domestic Export","0","W00","World","0","W00","World","H4","HS","true","TOTAL","All Commodities","0","false","C00","TOTAL CPC","0","0","TOTAL MOT","-1","N/A","0","false","-1","N/A","0","false","0","true","0","false","0","97974271299","97974271299","4","false","true",
"C","M","20160701","2016","7","201607","842","USA","USA","M","Import","0","W00","World","0","W00","World","H4","HS","true","TOTAL","All Commodities","0","false","C00","TOTAL CPC","0","0","TOTAL MOT","-1","N/A","0","false","-1","N/A","0","false","0","true","0","false","186798293499","181683802540","186798293499","4","false","true",
"C","M","20160701","2016","7","201607","842","USA","USA","RX","Re-export","0","W00","World","0","W00","World","H4","HS","true","TOTAL","All Commodities","0","false","C00","TOTAL CPC","0","0","TOTAL MOT","-1","N/A","0","false","-1","N/A","0","false","0","false","0","false","0","17800915994","17800915994","0","false","true",
"C","M","20160701","2016","7","201607","842","USA","USA","X","Export","0","W00","World","0","W00","World","H4","HS","true","TOTAL","All Commodities","0","false","C00","TOTAL CPC","0","0","TOTAL MOT","-1","N/A","0","false","-1","N/A","0","false","0","true","0","false","0","115775187293","115775187293","4","false","true",
"C","M","20160801","2016","8","201608","842","USA","USA","DX","Domestic Export","0","W00","World","0","W00","World","H4","HS","true","TOTAL","All Commodities","0","false","C00","TOTAL CPC","0","0","TOTAL MOT","-1","N/A","0","false","-1","N/A","0","false","0","true","0","false","0","104223790024","104223790024","4","false","true",
"C","M","20160801","2016","8","201608","842","USA","USA","M","Import","0","W00","World","0","W00","World","H4","HS","true","TOTAL","All Commodities","0","false","C00","TOTAL CPC","0","0","TOTAL MOT","-1","N/A","0","false","-1","N/A","0","false","0","true","0","false","199324548159","193863891298","199324548159","4","false","true",
"C","M","20160801","2016","8","201608","842","USA","USA","RX","Re-export","0","W00","World","0","W00","World","H4","HS","true","TOTAL","All Commodities","0","false","C00","TOTAL CPC","0","0","TOTAL MOT","-1","N/A","0","false","-1","N/A","0","false","0","false","0","false","0","18395594370","18395594370","0","false","true",
"C","M","20160801","2016","8","201608","842","USA","USA","X","Export","0","W00","World","0","W00","World","H4","HS","true","TOTAL","All Commodities","0","false","C00","TOTAL CPC","0","0","TOTAL MOT","-1","N/A","0","false","-1","N/A","0","false","0","true","0","false","0","122619384394","122619384394","4","false","true",
"C","M","20160901","2016","9","201609","842","USA","USA","DX","Domestic Export","0","W00","World","0","W00","World","H4","HS","true","TOTAL","All Commodities","0","false","C00","TOTAL CPC","0","0","TOTAL MOT","-1","N/A","0","false","-1","N/A","0","false","0","true","0","false","0","104181124734","104181124734","4","false","true",
"C","M","20160901","2016","9","201609","842","USA","USA","M","Import","0","W00","World","0","W00","World","H4","HS","true","TOTAL","All Commodities","0","false","C00","TOTAL CPC","0","0","TOTAL MOT","-1","N/A","0","false","-1","N/A","0","false","0","true","0","false","190948726274","185811432167","190948726274","4","false","true",
"C","M","20160901","2016","9","201609","842","USA","USA","RX","Re-export","0","W00","World","0","W00","World","H4","HS","true","TOTAL","All Commodities","0","false","C00","TOTAL CPC","0","0","TOTAL MOT","-1","N/A","0","false","-1","N/A","0","false","0","false","0","false","0","20259141946","20259141946","0","false","true",
"C","M","20160901","2016","9","201609","842","USA","USA","X","Export","0","W00","World","0","W00","World","H4","HS","true","TOTAL","All Commodities","0","false","C00","TOTAL CPC","0","0","TOTAL MOT","-1","N/A","0","false","-1","N/A","0","false","0","true","0","false","0","124440266680","124440266680","4","false","true",
"C","M","20161001","2016","10","201610","842","USA","USA","DX","Domestic Export","0","W00","World","0","W00","World","H4","HS","true","TOTAL","All Commodities","0","false","C00","TOTAL CPC","0","0","TOTAL MOT","-1","N/A","0","false","-1","N/A","0","false","0","true","0","false","0","109043698584","109043698584","4","false","true",
"C","M","20161001","2016","10","201610","842","USA","USA","M","Import","0","W00","World","0","W00","World","H4","HS","true","TOTAL","All Commodities","0","false","C00","TOTAL CPC","0","0","TOTAL MOT","-1","N/A","0","false","-1","N/A","0","false","0","true","0","false","197148686385","191794807281","197148686385","4","false","true",
"C","M","20161001","2016","10","201610","842","USA","USA","RX","Re-export","0","W00","World","0","W00","World","H4","HS","true","TOTAL","All Commodities","0","false","C00","TOTAL CPC","0","0","TOTAL MOT","-1","N/A","0","false","-1","N/A","0","false","0","false","0","false","0","19429925192","19429925192","0","false","true",
"C","M","20161001","2016","10","201610","842","USA","USA","X","Export","0","W00","World","0","W00","World","H4","HS","true","TOTAL","All Commodities","0","false","C00","TOTAL CPC","0","0","TOTAL MOT","-1","N/A","0","false","-1","N/A","0","false","0","true","0","false","0","128473623776","128473623776","4","false","true",
"C","M","20161101","2016","11","201611","842","USA","USA","DX","Domestic Export","0","W00","World","0","W00","World","H4","HS","true","TOTAL","All Commodities","0","false","C00","TOTAL CPC","0","0","TOTAL MOT","-1","N/A","0","false","-1","N/A","0","false","0","true","0","false","0","103592062189","103592062189","4","false","true",
"C","M","20161101","2016","11","201611","842","USA","USA","M","Import","0","W00","World","0","W00","World","H4","HS","true","TOTAL","All Commodities","0","false","C00","TOTAL CPC","0","0","TOTAL MOT","-1","N/A","0","false","-1","N/A","0","false","0","true","0","false","196342883259","191010662222","196342883259","4","false","true",
"C","M","20161101","2016","11","201611","842","USA","USA","RX","Re-export","0","W00","World","0","W00","World","H4","HS","true","TOTAL","All Commodities","0","false","C00","TOTAL CPC","0","0","TOTAL MOT","-1","N/A","0","false","-1","N/A","0","false","0","false","0","false","0","19358847946","19358847946","0","false","true",
"C","M","20161101","2016","11","201611","842","USA","USA","X","Export","0","W00","World","0","W00","World","H4","HS","true","TOTAL","All Commodities","0","false","C00","TOTAL CPC","0","0","TOTAL MOT","-1","N/A","0","false","-1","N/A","0","false","0","true","0","false","0","122950910135","122950910135","4","false","true",
"C","M","20161201","2016","12","201612","842","USA","USA","DX","Domestic Export","0","W00","World","0","W00","World","H4","HS","true","TOTAL","All Commodities","0","false","C00","TOTAL CPC","0","0","TOTAL MOT","-1","N/A","0","false","-1","N/A","0","false","0","true","0","false","0","107139702559","107139702559","4","false","true",
"C","M","20161201","2016","12","201612","842","USA","USA","M","Import","0","W00","World","0","W00","World","H4","HS","true","TOTAL","All Commodities","0","false","C00","TOTAL CPC","0","0","TOTAL MOT","-1","N/A","0","false","-1","N/A","0","false","0","true","0","false","188727846923","183459917654","188727846923","4","false","true",
"C","M","20161201","2016","12","201612","842","USA","USA","RX","Re-export","0","W00","World","0","W00","World","H4","HS","true","TOTAL","All Commodities","0","false","C00","TOTAL CPC","0","0","TOTAL MOT","-1","N/A","0","false","-1","N/A","0","false","0","false","0","false","0","19423460457","19423460457","0","false","true",
"C","M","20161201","2016","12","201612","842","USA","USA","X","Export","0","W00","World","0","W00","World","H4","HS","true","TOTAL","All Commodities","0","false","C00","TOTAL CPC","0","0","TOTAL MOT","-1","N/A","0","false","-1","N/A","0","false","0","true","0","false","0","126563163016","126563163016","4","false","true",
