"TypeCode","FreqCode","RefPeriodId","RefYear","RefMonth","Period","ReporterCode","ReporterISO","ReporterDesc","FlowCode","FlowDesc","PartnerCode","PartnerISO","PartnerDesc","Partner2Code","Partner2ISO","Partner2Desc","ClassificationCode","ClassificationSearchCode","IsOriginalClassification","CmdCode","CmdDesc","AggrLevel","IsLeaf","CustomsCode","CustomsDesc","MosCode","MotCode","MotDesc","QtyUnitCode","QtyUnitAbbr","Qty","IsQtyEstimated","AltQtyUnitCode","AltQtyUnitAbbr","AtlQty","IsAltQtyEstimated","NetWgt","IsNetWgtEstimated","GrossWgt","IsGrossWgtEstimated","Cifvalue","Fobvalue","PrimaryValue","LegacyEstimationFlag","IsReported","IsAggregate",
"C","M","20170101","2017","1","201701","842","USA","USA","DX","Domestic Export","0","W00","World","0","W00","World","H5","HS","true","TOTAL","All Commodities","0","false","C00","TOTAL CPC","0","0","TOTAL MOT","-1","N/A","0","false","-1","N/A","0","false","0","true","0","false","0","99575209364","99575209364","4","false","true",
"C","M","20170101","2017","1","201701","842","USA","USA","M","Import","0","W00","World","0","W00","World","H5","HS","true","TOTAL","All Commodities","0","false","C00","TOTAL CPC","0","0","TOTAL MOT","-1","N/A","0","false","-1","N/A","0","false","0","true","0","false","191083700585","185507334162","191083700585","4","false","true",
"C","M","20170101","2017","1","201701","842","USA","USA","RX","Re-export","0","W00","World","0","W00","World","H5","HS","true","TOTAL","All Commodities","0","false","C00","TOTAL CPC","0","0","TOTAL MOT","-1","N/A","0","false","-1","N/A","0","false","0","false","0","false","0","17815951569","17815951569","0","false","true",
"C","M","20170101","2017","1","201701","842","USA","USA","X","Export","0","W00","World","0","W00","World","H5","HS","true","TOTAL","All Commodities","0","false","C00","TOTAL CPC","0","0","TOTAL MOT","-1","N/A","0","false","-1","N/A","0","false","0","true","0","false","0","117391160933","117391160933","4","false","true",
"C","M","20170201","2017","2","201702","842","USA","USA","DX","Domestic Export","0","W00","World","0","W00","World","H5","HS","true","TOTAL","All Commodities","0","false","C00","TOTAL CPC","0","0","TOTAL MOT","-1","N/A","0","false","-1","N/A","0","false","0","true","0","false","0","100702326014","100702326014","4","false","true",
"C","M","20170201","2017","2","201702","842","USA","USA","M","Import","0","W00","World","0","W00","World","H5","HS","true","TOTAL","All Commodities","0","false","C00","TOTAL CPC","0","0","TOTAL MOT","-1","N/A","0","false","-1","N/A","0","false","0","true","0","false","174270105628","169329705428","174270105628","4","false","true",
"C","M","20170201","2017","2","201702","842","USA","USA","RX","Re-export","0","W00","World","0","W00","World","H5","HS","true","TOTAL","All Commodities","0","false","C00","TOTAL CPC","0","0","TOTAL MOT","-1","N/A","0","false","-1","N/A","0","false","0","false","0","false","0","18498123092","18498123092","0","false","true",
"C","M","20170201","2017","2","201702","842","USA","USA","X","Export","0","W00","World","0","W00","World","H5","HS","true","TOTAL","All Commodities","0","false","C00","TOTAL CPC","0","0","TOTAL MOT","-1","N/A","0","false","-1","N/A","0","false","0","true","0","false","0","119200449106","119200449106","4","false","true",
"C","M","20170301","2017","3","201703","842","USA","USA","DX","Domestic Export","0","W00","World","0","W00","World","H5","HS","true","TOTAL","All Commodities","0","false","C00","TOTAL CPC","0","0","TOTAL MOT","-1","N/A","0","false","-1","N/A","0","false","0","true","0","false","0","114937502562","114937502562","4","false","true",
"C","M","20170301","2017","3","201703","842","USA","USA","M","Import","0","W00","World","0","W00","World","H5","HS","true","TOTAL","All Commodities","0","false","C00","TOTAL CPC","0","0","TOTAL MOT","-1","N/A","0","false","-1","N/A","0","false","0","true","0","false","199596940754","194114962849","199596940754","4","false","true",
"C","M","20170301","2017","3","201703","842","USA","USA","RX","Re-export","0","W00","World","0","W00","World","H5","HS","true","TOTAL","All Commodities","0","false","C00","TOTAL CPC","0","0","TOTAL MOT","-1","N/A","0","false","-1","N/A","0","false","0","false","0","false","0","20887268042","20887268042","0","false","true",
"C","M","20170301","2017","3","201703","842","USA","USA","X","Export","0","W00","World","0","W00","World","H5","HS","true","TOTAL","All Commodities","0","false","C00","TOTAL CPC","0","0","TOTAL MOT","-1","N/A","0","false","-1","N/A","0","false","0","true","0","false","0","135824770604","135824770604","4","false","true",
"C","M","20170401","2017","4","201704","842","USA","USA","DX","Domestic Export","0","W00","World","0","W00","World","H5","HS","true","TOTAL","All Commodities","0","false","C00","TOTAL CPC","0","0","TOTAL MOT","-1","N/A","0","false","-1","N/A","0","false","0","true","0","false","0","105917404320","105917404320","4","false","true",
"C","M","20170401","2017","4","201704","842","USA","USA","M","Import","0","W00","World","0","W00","World","H5","HS","true","TOTAL","All Commodities","0","false","C00","TOTAL CPC","0","0","TOTAL MOT","-1","N/A","0","false","-1","N/A","0","false","0","true","0","false","191408274084","186106078225","191408274084","4","false","true",
"C","M","20170401","2017","4","201704","842","USA","USA","RX","Re-export","0","W00","World","0","W00","World","H5","HS","true","TOTAL","All Commodities","0","false","C00","TOTAL CPC","0","0","TOTAL MOT","-1","N/A","0","false","-1","N/A","0","false","0","false","0","false","0","17884610884","17884610884","0","false","true",
"C","M","20170401","2017","4","201704","842","USA","USA","X","Export","0","W00","World","0","W00","World","H5","HS","true","TOTAL","All Commodities","0","false","C00","TOTAL CPC","0","0","TOTAL MOT","-1","N/A","0","false","-1","N/A","0","false","0","true","0","false","0","123802015204","123802015204","4","false","true",
"C","M","20170501","2017","5","201705","842","USA","USA","DX","Domestic Export","0","W00","World","0","W00","World","H5","HS","true","TOTAL","All Commodities","0","false","C00","TOTAL CPC","0","0","TOTAL MOT","-1","N/A","0","false","-1","N/A","0","false","0","true","0","false","0","108511635819","108511635819","4","false","true",
"C","M","20170501","2017","5","201705","842","USA","USA","M","Import","0","W00","World","0","W00","World","H5","HS","true","TOTAL","All Commodities","0","false","C00","TOTAL CPC","0","0","TOTAL MOT","-1","N/A","0","false","-1","N/A","0","false","0","true","0","false","206281428429","200530449661","206281428429","4","false","true",
"C","M","20170501","2017","5","201705","842","USA","USA","RX","Re-export","0","W00","World","0","W00","World","H5","HS","true","TOTAL","All Commodities","0","false","C00","TOTAL CPC","0","0","TOTAL MOT","-1","N/A","0","false","-1","N/A","0","false","0","false","0","false","0","19208651430","19208651430","0","false","true",
"C","M","20170501","2017","5","201705","842","USA","USA","X","Export","0","W00","World","0","W00","World","H5","HS","true","TOTAL","All Commodities","0","false","C00","TOTAL CPC","0","0","TOTAL MOT","-1","N/A","0","false","-1","N/A","0","false","0","true","0","false","0","127720287249","127720287249","4","false","true",
"C","M","20170601","2017","6","201706","842","USA","USA","DX","Domestic Export","0","W00","World","0","W00","World","H5","HS","true","TOTAL","All Commodities","0","false","C00","TOTAL CPC","0","0","TOTAL MOT","-1","N/A","0","false","-1","N/A","0","false","0","true","0","false","0","110595382162","110595382162","4","false","true",
"C","M","20170601","2017","6","201706","842","USA","USA","M","Import","0","W00","World","0","W00","World","H5","HS","true","TOTAL","All Commodities","0","false","C00","TOTAL CPC","0","0","TOTAL MOT","-1","N/A","0","false","-1","N/A","0","false","0","true","0","false","203961423606","198378355368","203961423606","4","false","true",
"C","M","20170601","2017","6","201706","842","USA","USA","RX","Re-export","0","W00","World","0","W00","World","H5","HS","true","TOTAL","All Commodities","0","false","C00","TOTAL CPC","0","0","TOTAL MOT","-1","N/A","0","false","-1","N/A","0","false","0","false","0","false","0","22102510732","22102510732","0","false","true",
"C","M","20170601","2017","6","201706","842","USA","USA","X","Export","0","W00","World","0","W00","World","H5","HS","true","TOTAL","All Commodities","0","false","C00","TOTAL CPC","0","0","TOTAL MOT","-1","N/A","0","false","-1","N/A","0","false","0","true","0","false","0","132697892894","132697892894","4","false","true",
"C","M","20170701","2017","7","201707","842","USA","USA","DX","Domestic Export","0","W00","World","0","W00","World","H5","HS","true","TOTAL","All Commodities","0","false","C00","TOTAL CPC","0","0","TOTAL MOT","-1","N/A","0","false","-1","N/A","0","false","0","true","0","false","0","103528105117","103528105117","4","false","true",
"C","M","20170701","2017","7","201707","842","USA","USA","M","Import","0","W00","World","0","W00","World","H5","HS","true","TOTAL","All Commodities","0","false","C00","TOTAL CPC","0","0","TOTAL MOT","-1","N/A","0","false","-1","N/A","0","false","0","true","0","false","197604842095","191971363505","197604842095","4","false","true",
"C","M","20170701","2017","7","201707","842","USA","USA","RX","Re-export","0","W00","World","0","W00","World","H5","HS","true","TOTAL","All Commodities","0","false","C00","TOTAL CPC","0","0","TOTAL MOT","-1","N/A","0","false","-1","N/A","0","false","0","false","0","false","0","18546093778","18546093778","0","false","true",
"C","M","20170701","2017","7","201707","842","USA","USA","X","Export","0","W00","World","0","W00","World","H5","HS","true","TOTAL","All Commodities","0","false","C00","TOTAL CPC","0","0","TOTAL MOT","-1","N/A","0","false","-1","N/A","0","false","0","true","0","false","0","122074198895","122074198895","4","false","true",
"C","M","20170801","2017","8","201708","842","USA","USA","DX","Domestic Export","0","W00","World","0","W00","World","H5","HS","true","TOTAL","All Commodities","0","false","C00","TOTAL CPC","0","0","TOTAL MOT","-1","N/A","0","false","-1","N/A","0","false","0","true","0","false","0","109567155473","109567155473","4","false","true",
"C","M","20170801","2017","8","201708","842","USA","USA","M","Import","0","W00","World","0","W00","World","H5","HS","true","TOTAL","All Commodities","0","false","C00","TOTAL CPC","0","0","TOTAL MOT","-1","N/A","0","false","-1","N/A","0","false","0","true","0","false","207476522735","201757122201","207476522735","4","false","true",
"C","M","20170801","2017","8","201708","842","USA","USA","RX","Re-export","0","W00","World","0","W00","World","H5","HS","true","TOTAL","All Commodities","0","false","C00","TOTAL CPC","0","0","TOTAL MOT","-1","N/A","0","false","-1","N/A","0","false","0","false","0","false","0","19564072159","19564072159","0","false","true",
"C","M","20170801","2017","8","201708","842","USA","USA","X","Export","0","W00","World","0","W00","World","H5","HS","true","TOTAL","All Commodities","0","false","C00","TOTAL CPC","0","0","TOTAL MOT","-1","N/A","0","false","-1","N/A","0","false","0","true","0","false","0","129131227632","129131227632","4","false","true",
"C","M","20170901","2017","9","201709","842","USA","USA","DX","Domestic Export","0","W00","World","0","W00","World","H5","HS","true","TOTAL","All Commodities","0","false","C00","TOTAL CPC","0","0","TOTAL MOT","-1","N/A","0","false","-1","N/A","0","false","0","true","0","false","0","109649392449","109649392449","4","false","true",
"C","M","20170901","2017","9","201709","842","USA","USA","M","Import","0","W00","World","0","W00","World","H5","HS","true","TOTAL","All Commodities","0","false","C00","TOTAL CPC","0","0","TOTAL MOT","-1","N/A","0","false","-1","N/A","0","false","0","true","0","false","200262185627","194696914855","200262185627","4","false","true",
"C","M","20170901","2017","9","201709","842","USA","USA","RX","Re-export","0","W00","World","0","W00","World","H5","HS","true","TOTAL","All Commodities","0","false","C00","TOTAL CPC","0","0","TOTAL MOT","-1","N/A","0","false","-1","N/A","0","false","0","false","0","false","0","20576021721","20576021721","0","false","true",
"C","M","20170901","2017","9","201709","842","USA","USA","X","Export","0","W00","World","0","W00","World","H5","HS","true","TOTAL","All Commodities","0","false","C00","TOTAL CPC","0","0","TOTAL MOT","-1","N/A","0","false","-1","N/A","0","false","0","true","0","false","0","130225414170","130225414170","4","false","true",
"C","M","20171001","2017","10","201710","842","USA","USA","DX","Domestic Export","0","W00","World","0","W00","World","H5","HS","true","TOTAL","All Commodities","0","false","C00","TOTAL CPC","0","0","TOTAL MOT","-1","N/A","0","false","-1","N/A","0","false","0","true","0","false","0","115189987478","115189987478","4","false","true",
"C","M","20171001","2017","10","201710","842","USA","USA","M","Import","0","W00","World","0","W00","World","H5","HS","true","TOTAL","All Commodities","0","false","C00","TOTAL CPC","0","0","TOTAL MOT","-1","N/A","0","false","-1","N/A","0","false","0","true","0","false","216523680883","210645741144","216523680883","4","false","true",
"C","M","20171001","2017","10","201710","842","USA","USA","RX","Re-export","0","W00","World","0","W00","World","H5","HS","true","TOTAL","All Commodities","0","false","C00","TOTAL CPC","0","0","TOTAL MOT","-1","N/A","0","false","-1","N/A","0","false","0","false","0","false","0","20957525958","20957525958","0","false","true",
"C","M","20171001","2017","10","201710","842","USA","USA","X","Export","0","W00","World","0","W00","World","H5","HS","true","TOTAL","All Commodities","0","false","C00","TOTAL CPC","0","0","TOTAL MOT","-1","N/A","0","false","-1","N/A","0","false","0","true","0","false","0","136147513436","136147513436","4","false","true",
"C","M","20171101","2017","11","201711","842","USA","USA","DX","Domestic Export","0","W00","World","0","W00","World","H5","HS","true","TOTAL","All Commodities","0","false","C00","TOTAL CPC","0","0","TOTAL MOT","-1","N/A","0","false","-1","N/A","0","false","0","true","0","false","0","114126000242","114126000242","4","false","true",
"C","M","20171101","2017","11","201711","842","USA","USA","M","Import","0","W00","World","0","W00","World","H5","HS","true","TOTAL","All Commodities","0","false","C00","TOTAL CPC","0","0","TOTAL MOT","-1","N/A","0","false","-1","N/A","0","false","0","true","0","false","213311274883","207670274879","213311274883","4","false","true",
"C","M","20171101","2017","11","201711","842","USA","USA","RX","Re-export","0","W00","World","0","W00","World","H5","HS","true","TOTAL","All Commodities","0","false","C00","TOTAL CPC","0","0","TOTAL MOT","-1","N/A","0","false","-1","N/A","0","false","0","false","0","false","0","21310296514","21310296514","0","false","true",
"C","M","20171101","2017","11","201711","842","USA","USA","X","Export","0","W00","World","0","W00","World","H5","HS","true","TOTAL","All Commodities","0","false","C00","TOTAL CPC","0","0","TOTAL MOT","-1","N/A","0","false","-1","N/A","0","false","0","true","0","false","0","135436296756","135436296756","4","false","true",
"C","M","20171201","2017","12","201712","842","USA","USA","DX","Domestic Export","0","W00","World","0","W00","World","H5","HS","true","TOTAL","All Commodities","0","false","C00","TOTAL CPC","0","0","TOTAL MOT","-1","N/A","0","false","-1","N/A","0","false","0","true","0","false","0","115110501406","115110501406","4","false","true",
"C","M","20171201","2017","12","201712","842","USA","USA","M","Import","0","W00","World","0","W00","World","H5","HS","true","TOTAL","All Commodities","0","false","C00","TOTAL CPC","0","0","TOTAL MOT","-1","N/A","0","false","-1","N/A","0","false","0","true","0","false","205609810151","200195871286","205609810151","4","false","true",
"C","M","20171201","2017","12","201712","842","USA","USA","RX","Re-export","0","W00","World","0","W00","World","H5","HS","true","TOTAL","All Commodities","0","false","C00","TOTAL CPC","0","0","TOTAL MOT","-1","N/A","0","false","-1","N/A","0","false","0","false","0","false","0","20847430206","20847430206","0","false","true",
"C","M","20171201","2017","12","201712","842","USA","USA","X","Export","0","W00","World","0","W00","World","H5","HS","true","TOTAL","All Commodities","0","false","C00","TOTAL CPC","0","0","TOTAL MOT","-1","N/A","0","false","-1","N/A","0","false","0","true","0","false","0","135957931612","135957931612","4","false","true",
