"TypeCode","FreqCode","RefPeriodId","RefYear","RefMonth","Period","ReporterCode","ReporterISO","ReporterDesc","FlowCode","FlowDesc","PartnerCode","PartnerISO","PartnerDesc","Partner2Code","Partner2ISO","Partner2Desc","ClassificationCode","ClassificationSearchCode","IsOriginalClassification","CmdCode","CmdDesc","AggrLevel","IsLeaf","CustomsCode","CustomsDesc","MosCode","MotCode","MotDesc","QtyUnitCode","QtyUnitAbbr","Qty","IsQtyEstimated","AltQtyUnitCode","AltQtyUnitAbbr","AtlQty","IsAltQtyEstimated","NetWgt","IsNetWgtEstimated","GrossWgt","IsGrossWgtEstimated","Cifvalue","Fobvalue","PrimaryValue","LegacyEstimationFlag","IsReported","IsAggregate",
"C","M","20180101","2018","1","201801","842","USA","USA","DX","Domestic Export","0","W00","World","0","W00","World","H5","HS","true","TOTAL","All Commodities","0","false","C00","TOTAL CPC","0","0","TOTAL MOT","-1","N/A","0","false","-1","N/A","0","false","0","true","0","false","0","104544366130","104544366130","4","false","true",
"C","M","20180101","2018","1","201801","842","USA","USA","M","Import","0","W00","World","0","W00","World","H5","HS","true","TOTAL","All Commodities","0","false","C00","TOTAL CPC","0","0","TOTAL MOT","-1","N/A","0","false","-1","N/A","0","false","0","true","0","false","209017800127","203268759173","209017800127","4","false","true",
"C","M","20180101","2018","1","201801","842","USA","USA","RX","Re-export","0","W00","World","0","W00","World","H5","HS","true","TOTAL","All Commodities","0","false","C00","TOTAL CPC","0","0","TOTAL MOT","-1","N/A","0","false","-1","N/A","0","false","0","false","0","false","0","20361165831","20361165831","0","false","true",
"C","M","20180101","2018","1","201801","842","USA","USA","X","Export","0","W00","World","0","W00","World","H5","HS","true","TOTAL","All Commodities","0","false","C00","TOTAL CPC","0","0","TOTAL MOT","-1","N/A","0","false","-1","N/A","0","false","0","true","0","false","0","124905531961","124905531961","4","false","true",
"C","M","20180201","2018","2","201802","842","USA","USA","DX","Domestic Export","0","W00","World","0","W00","World","H5","HS","true","TOTAL","All Commodities","0","false","C00","TOTAL CPC","0","0","TOTAL MOT","-1","N/A","0","false","-1","N/A","0","false","0","true","0","false","0","108365536373","108365536373","4","false","true",
"C","M","20180201","2018","2","201802","842","USA","USA","M","Import","0","W00","World","0","W00","World","H5","HS","true","TOTAL","All Commodities","0","false","C00","TOTAL CPC","0","0","TOTAL MOT","-1","N/A","0","false","-1","N/A","0","false","0","true","0","false","192344630178","187107093574","192344630178","4","false","true",
"C","M","20180201","2018","2","201802","842","USA","USA","RX","Re-export","0","W00","World","0","W00","World","H5","HS","true","TOTAL","All Commodities","0","false","C00","TOTAL CPC","0","0","TOTAL MOT","-1","N/A","0","false","-1","N/A","0","false","0","false","0","false","0","19766186266","19766186266","0","false","true",
"C","M","20180201","2018","2","201802","842","USA","USA","X","Export","0","W00","World","0","W00","World","H5","HS","true","TOTAL","All Commodities","0","false","C00","TOTAL CPC","0","0","TOTAL MOT","-1","N/A","0","false","-1","N/A","0","false","0","true","0","false","0","128131722639","128131722639","4","false","true",
"C","M","20180301","2018","3","201803","842","USA","USA","DX","Domestic Export","0","W00","World","0","W00","World","H5","HS","true","TOTAL","All Commodities","0","false","C00","TOTAL CPC","0","0","TOTAL MOT","-1","N/A","0","false","-1","N/A","0","false","0","true","0","false","0","127695789071","127695789071","4","false","true",
"C","M","20180301","2018","3","201803","842","USA","USA","M","Import","0","W00","World","0","W00","World","H5","HS","true","TOTAL","All Commodities","0","false","C00","TOTAL CPC","0","0","TOTAL MOT","-1","N/A","0","false","-1","N/A","0","false","0","true","0","false","213778860811","208068628333","213778860811","4","false","true",
"C","M","20180301","2018","3","201803","842","USA","USA","RX","Re-export","0","W00","World","0","W00","World","H5","HS","true","TOTAL","All Commodities","0","false","C00","TOTAL CPC","0","0","TOTAL MOT","-1","N/A","0","false","-1","N/A","0","false","0","false","0","false","0","22100453767","22100453767","0","false","true",
"C","M","20180301","2018","3","201803","842","USA","USA","X","Export","0","W00","World","0","W00","World","H5","HS","true","TOTAL","All Commodities","0","false","C00","TOTAL CPC","0","0","TOTAL MOT","-1","N/A","0","false","-1","N/A","0","false","0","true","0","false","0","149796242838","149796242838","4","false","true",
"C","M","20180401","2018","4","201804","842","USA","USA","DX","Domestic Export","0","W00","World","0","W00","World","H5","HS","true","TOTAL","All Commodities","0","false","C00","TOTAL CPC","0","0","TOTAL MOT","-1","N/A","0","false","-1","N/A","0","false","0","true","0","false","0","117618251911","117618251911","4","false","true",
"C","M","20180401","2018","4","201804","842","USA","USA","M","Import","0","W00","World","0","W00","World","H5","HS","true","TOTAL","All Commodities","0","false","C00","TOTAL CPC","0","0","TOTAL MOT","-1","N/A","0","false","-1","N/A","0","false","0","true","0","false","211094120159","205346865405","211094120159","4","false","true",
"C","M","20180401","2018","4","201804","842","USA","USA","RX","Re-export","0","W00","World","0","W00","World","H5","HS","true","TOTAL","All Commodities","0","false","C00","TOTAL CPC","0","0","TOTAL MOT","-1","N/A","0","false","-1","N/A","0","false","0","false","0","false","0","20369031590","20369031590","0","false","true",
"C","M","20180401","2018","4","201804","842","USA","USA","X","Export","0","W00","World","0","W00","World","H5","HS","true","TOTAL","All Commodities","0","false","C00","TOTAL CPC","0","0","TOTAL MOT","-1","N/A","0","false","-1","N/A","0","false","0","true","0","false","0","137987283501","137987283501","4","false","true",
"C","M","20180501","2018","5","201805","842","USA","USA","DX","Domestic Export","0","W00","World","0","W00","World","H5","HS","true","TOTAL","All Commodities","0","false","C00","TOTAL CPC","0","0","TOTAL MOT","-1","N/A","0","false","-1","N/A","0","false","0","true","0","false","0","124001855393","124001855393","4","false","true",
"C","M","20180501","2018","5","201805","842","USA","USA","M","Import","0","W00","World","0","W00","World","H5","HS","true","TOTAL","All Commodities","0","false","C00","TOTAL CPC","0","0","TOTAL MOT","-1","N/A","0","false","-1","N/A","0","false","0","true","0","false","222517902218","216383330716","222517902218","4","false","true",
"C","M","20180501","2018","5","201805","842","USA","USA","RX","Re-export","0","W00","World","0","W00","World","H5","HS","true","TOTAL","All Commodities","0","false","C00","TOTAL CPC","0","0","TOTAL MOT","-1","N/A","0","false","-1","N/A","0","false","0","false","0","false","0","21380955973","21380955973","0","false","true",
"C","M","20180501","2018","5","201805","842","USA","USA","X","Export","0","W00","World","0","W00","World","H5","HS","true","TOTAL","All Commodities","0","false","C00","TOTAL CPC","0","0","TOTAL MOT","-1","N/A","0","false","-1","N/A","0","false","0","true","0","false","0","145382811366","145382811366","4","false","true",
"C","M","20180601","2018","6","201806","842","USA","USA","DX","Domestic Export","0","W00","World","0","W00","World","H5","HS","true","TOTAL","All Commodities","0","false","C00","TOTAL CPC","0","0","TOTAL MOT","-1","N/A","0","false","-1","N/A","0","false","0","true","0","false","0","122644264856","122644264856","4","false","true",
"C","M","20180601","2018","6","201806","842","USA","USA","M","Import","0","W00","World","0","W00","World","H5","HS","true","TOTAL","All Commodities","0","false","C00","TOTAL CPC","0","0","TOTAL MOT","-1","N/A","0","false","-1","N/A","0","false","0","true","0","false","217600147849","211805104287","217600147849","4","false","true",
"C","M","20180601","2018","6","201806","842","USA","USA","RX","Re-export","0","W00","World","0","W00","World","H5","HS","true","TOTAL","All Commodities","0","false","C00","TOTAL CPC","0","0","TOTAL MOT","-1","N/A","0","false","-1","N/A","0","false","0","false","0","false","0","22683943926","22683943926","0","false","true",
"C","M","20180601","2018","6","201806","842","USA","USA","X","Export","0","W00","World","0","W00","World","H5","HS","true","TOTAL","All Commodities","0","false","C00","TOTAL CPC","0","0","TOTAL MOT","-1","N/A","0","false","-1","N/A","0","false","0","true","0","false","0","145328208782","145328208782","4","false","true",
"C","M","20180701","2018","7","201807","842","USA","USA","DX","Domestic Export","0","W00","World","0","W00","World","H5","HS","true","TOTAL","All Commodities","0","false","C00","TOTAL CPC","0","0","TOTAL MOT","-1","N/A","0","false","-1","N/A","0","false","0","true","0","false","0","114182484857","114182484857","4","false","true",
"C","M","20180701","2018","7","201807","842","USA","USA","M","Import","0","W00","World","0","W00","World","H5","HS","true","TOTAL","All Commodities","0","false","C00","TOTAL CPC","0","0","TOTAL MOT","-1","N/A","0","false","-1","N/A","0","false","0","true","0","false","222973639576","216916624330","222973639576","4","false","true",
"C","M","20180701","2018","7","201807","842","USA","USA","RX","Re-export","0","W00","World","0","W00","World","H5","HS","true","TOTAL","All Commodities","0","false","C00","TOTAL CPC","0","0","TOTAL MOT","-1","N/A","0","false","-1","N/A","0","false","0","false","0","false","0","19475716677","19475716677","0","false","true",
"C","M","20180701","2018","7","201807","842","USA","USA","X","Export","0","W00","World","0","W00","World","H5","HS","true","TOTAL","All Commodities","0","false","C00","TOTAL CPC","0","0","TOTAL MOT","-1","N/A","0","false","-1","N/A","0","false","0","true","0","false","0","133658201534","133658201534","4","false","true",
"C","M","20180801","2018","8","201808","842","USA","USA","DX","Domestic Export","0","W00","World","0","W00","World","H5","HS","true","TOTAL","All Commodities","0","false","C00","TOTAL CPC","0","0","TOTAL MOT","-1","N/A","0","false","-1","N/A","0","false","0","true","0","false","0","119594865911","119594865911","4","false","true",
"C","M","20180801","2018","8","201808","842","USA","USA","M","Import","0","W00","World","0","W00","World","H5","HS","true","TOTAL","All Commodities","0","false","C00","TOTAL CPC","0","0","TOTAL MOT","-1","N/A","0","false","-1","N/A","0","false","0","true","0","false","228351326189","222268793602","228351326189","4","false","true",
"C","M","20180801","2018","8","201808","842","USA","USA","RX","Re-export","0","W00","World","0","W00","World","H5","HS","true","TOTAL","All Commodities","0","false","C00","TOTAL CPC","0","0","TOTAL MOT","-1","N/A","0","false","-1","N/A","0","false","0","false","0","false","0","20472409984","20472409984","0","false","true",
"C","M","20180801","2018","8","201808","842","USA","USA","X","Export","0","W00","World","0","W00","World","H5","HS","true","TOTAL","All Commodities","0","false","C00","TOTAL CPC","0","0","TOTAL MOT","-1","N/A","0","false","-1","N/A","0","false","0","true","0","false","0","140067275895","140067275895","4","false","true",
"C","M","20180901","2018","9","201809","842","USA","USA","DX","Domestic Export","0","W00","World","0","W00","World","H5","HS","true","TOTAL","All Commodities","0","false","C00","TOTAL CPC","0","0","TOTAL MOT","-1","N/A","0","false","-1","N/A","0","false","0","true","0","false","0","118278391909","118278391909","4","false","true",
"C","M","20180901","2018","9","201809","842","USA","USA","M","Import","0","W00","World","0","W00","World","H5","HS","true","TOTAL","All Commodities","0","false","C00","TOTAL CPC","0","0","TOTAL MOT","-1","N/A","0","false","-1","N/A","0","false","0","true","0","false","217507336101","211574259791","217507336101","4","false","true",
"C","M","20180901","2018","9","201809","842","USA","USA","RX","Re-export","0","W00","World","0","W00","World","H5","HS","true","TOTAL","All Commodities","0","false","C00","TOTAL CPC","0","0","TOTAL MOT","-1","N/A","0","false","-1","N/A","0","false","0","false","0","false","0","20834739081","20834739081","0","false","true",
"C","M","20180901","2018","9","201809","842","USA","USA","X","Export","0","W00","World","0","W00","World","H5","HS","true","TOTAL","All Commodities","0","false","C00","TOTAL CPC","0","0","TOTAL MOT","-1","N/A","0","false","-1","N/A","0","false","0","true","0","false","0","139113130990","139113130990","4","false","true",
"C","M","20181001","2018","10","201810","842","USA","USA","DX","Domestic Export","0","W00","World","0","W00","World","H5","HS","true","TOTAL","All Commodities","0","false","C00","TOTAL CPC","0","0","TOTAL MOT","-1","N/A","0","false","-1","N/A","0","false","0","true","0","false","0","123986084480","123986084480","4","false","true",
"C","M","20181001","2018","10","201810","842","USA","USA","M","Import","0","W00","World","0","W00","World","H5","HS","true","TOTAL","All Commodities","0","false","C00","TOTAL CPC","0","0","TOTAL MOT","-1","N/A","0","false","-1","N/A","0","false","0","true","0","false","242876146799","236130162374","242876146799","4","false","true",
"C","M","20181001","2018","10","201810","842","USA","USA","RX","Re-export","0","W00","World","0","W00","World","H5","HS","true","TOTAL","All Commodities","0","false","C00","TOTAL CPC","0","0","TOTAL MOT","-1","N/A","0","false","-1","N/A","0","false","0","false","0","false","0","23087491510","23087491510","0","false","true",
"C","M","20181001","2018","10","201810","842","USA","USA","X","Export","0","W00","World","0","W00","World","H5","HS","true","TOTAL","All Commodities","0","false","C00","TOTAL CPC","0","0","TOTAL MOT","-1","N/A","0","false","-1","N/A","0","false","0","true","0","false","0","147073575990","147073575990","4","false","true",
"C","M","20181101","2018","11","201811","842","USA","USA","DX","Domestic Export","0","W00","World","0","W00","World","H5","HS","true","TOTAL","All Commodities","0","false","C00","TOTAL CPC","0","0","TOTAL MOT","-1","N/A","0","false","-1","N/A","0","false","0","true","0","false","0","117665059019","117665059019","4","false","true",
"C","M","20181101","2018","11","201811","842","USA","USA","M","Import","0","W00","World","0","W00","World","H5","HS","true","TOTAL","All Commodities","0","false","C00","TOTAL CPC","0","0","TOTAL MOT","-1","N/A","0","false","-1","N/A","0","false","0","true","0","false","220159704279","214012631766","220159704279","4","false","true",
"C","M","20181101","2018","11","201811","842","USA","USA","RX","Re-export","0","W00","World","0","W00","World","H5","HS","true","TOTAL","All Commodities","0","false","C00","TOTAL CPC","0","0","TOTAL MOT","-1","N/A","0","false","-1","N/A","0","false","0","false","0","false","0","22077167965","22077167965","0","false","true",
"C","M","20181101","2018","11","201811","842","USA","USA","X","Export","0","W00","World","0","W00","World","H5","HS","true","TOTAL","All Commodities","0","false","C00","TOTAL CPC","0","0","TOTAL MOT","-1","N/A","0","false","-1","N/A","0","false","0","true","0","false","0","139742226984","139742226984","4","false","true",
"C","M","20181201","2018","12","201812","842","USA","USA","DX","Domestic Export","0","W00","World","0","W00","World","H5","HS","true","TOTAL","All Commodities","0","false","C00","TOTAL CPC","0","0","TOTAL MOT","-1","N/A","0","false","-1","N/A","0","false","0","true","0","false","0","114676640087","114676640087","4","false","true",
"C","M","20181201","2018","12","201812","842","USA","USA","M","Import","0","W00","World","0","W00","World","H5","HS","true","TOTAL","All Commodities","0","false","C00","TOTAL CPC","0","0","TOTAL MOT","-1","N/A","0","false","-1","N/A","0","false","0","true","0","false","213210875871","0","213210875871","4","false","true",
"C","M","20181201","2018","12","201812","842","USA","USA","RX","Re-export","0","W00","World","0","W00","World","H5","HS","true","TOTAL","All Commodities","0","false","C00","TOTAL CPC","0","0","TOTAL MOT","-1","N/A","0","false","-1","N/A","0","false","0","false","0","false","0","19440084024","19440084024","0","false","true",
"C","M","20181201","2018","12","201812","842","USA","USA","X","Export","0","W00","World","0","W00","World","H5","HS","true","TOTAL","All Commodities","0","false","C00","TOTAL CPC","0","0","TOTAL MOT","-1","N/A","0","false","-1","N/A","0","false","0","true","0","false","0","134116724111","134116724111","4","false","true",
