"TypeCode","FreqCode","RefPeriodId","RefYear","RefMonth","Period","ReporterCode","ReporterISO","ReporterDesc","FlowCode","FlowDesc","PartnerCode","PartnerISO","PartnerDesc","Partner2Code","Partner2ISO","Partner2Desc","ClassificationCode","ClassificationSearchCode","IsOriginalClassification","CmdCode","CmdDesc","AggrLevel","IsLeaf","CustomsCode","CustomsDesc","MosCode","MotCode","MotDesc","QtyUnitCode","QtyUnitAbbr","Qty","IsQtyEstimated","AltQtyUnitCode","AltQtyUnitAbbr","AtlQty","IsAltQtyEstimated","NetWgt","IsNetWgtEstimated","GrossWgt","IsGrossWgtEstimated","Cifvalue","Fobvalue","PrimaryValue","LegacyEstimationFlag","IsReported","IsAggregate",
"C","M","20190101","2019","1","201901","842","USA","USA","DX","Domestic Export","0","W00","World","0","W00","World","H5","HS","true","TOTAL","All Commodities","0","false","C00","TOTAL CPC","0","0","TOTAL MOT","-1","N/A","0","false","-1","N/A","0","false","0","true","0","false","0","108707745064","108707745064","4","false","true",
"C","M","20190101","2019","1","201901","842","USA","USA","M","Import","0","W00","World","0","W00","World","H5","HS","true","TOTAL","All Commodities","0","false","C00","TOTAL CPC","0","0","TOTAL MOT","-1","N/A","0","false","-1","N/A","0","false","0","true","0","false","210756593047","204525551205","210756593047","4","false","true",
"C","M","20190101","2019","1","201901","842","USA","USA","RX","Re-export","0","W00","World","0","W00","World","H5","HS","true","TOTAL","All Commodities","0","false","C00","TOTAL CPC","0","0","TOTAL MOT","-1","N/A","0","false","-1","N/A","0","false","0","false","0","false","0","20746418594","20746418594","0","false","true",
"C","M","20190101","2019","1","201901","842","USA","USA","X","Export","0","W00","World","0","W00","World","H5","HS","true","TOTAL","All Commodities","0","false","C00","TOTAL CPC","0","0","TOTAL MOT","-1","N/A","0","false","-1","N/A","0","false","0","true","0","false","0","129454163658","129454163658","4","false","true",
"C","M","20190201","2019","2","201902","842","USA","USA","DX","Domestic Export","0","W00","World","0","W00","World","H5","HS","true","TOTAL","All Commodities","0","false","C00","TOTAL CPC","0","0","TOTAL MOT","-1","N/A","0","false","-1","N/A","0","false","0","true","0","false","0","110573468698","110573468698","4","false","true",
"C","M","20190201","2019","2","201902","842","USA","USA","M","Import","0","W00","World","0","W00","World","H5","HS","true","TOTAL","All Commodities","0","false","C00","TOTAL CPC","0","0","TOTAL MOT","-1","N/A","0","false","-1","N/A","0","false","0","true","0","false","191213563562","185824614258","191213563562","4","false","true",
"C","M","20190201","2019","2","201902","842","USA","USA","RX","Re-export","0","W00","World","0","W00","World","H5","HS","true","TOTAL","All Commodities","0","false","C00","TOTAL CPC","0","0","TOTAL MOT","-1","N/A","0","false","-1","N/A","0","false","0","false","0","false","0","19868167874","19868167874","0","false","true",
"C","M","20190201","2019","2","201902","842","USA","USA","X","Export","0","W00","World","0","W00","World","H5","HS","true","TOTAL","All Commodities","0","false","C00","TOTAL CPC","0","0","TOTAL MOT","-1","N/A","0","false","-1","N/A","0","false","0","true","0","false","0","130441636572","130441636572","4","false","true",
"C","M","20190301","2019","3","201903","842","USA","USA","DX","Domestic Export","0","W00","World","0","W00","World","H5","HS","true","TOTAL","All Commodities","0","false","C00","TOTAL CPC","0","0","TOTAL MOT","-1","N/A","0","false","-1","N/A","0","false","0","true","0","false","0","125734366023","125734366023","4","false","true",
"C","M","20190301","2019","3","201903","842","USA","USA","M","Import","0","W00","World","0","W00","World","H5","HS","true","TOTAL","All Commodities","0","false","C00","TOTAL CPC","0","0","TOTAL MOT","-1","N/A","0","false","-1","N/A","0","false","0","true","0","false","213573036023","207882460741","213573036023","4","false","true",
"C","M","20190301","2019","3","201903","842","USA","USA","RX","Re-export","0","W00","World","0","W00","World","H5","HS","true","TOTAL","All Commodities","0","false","C00","TOTAL CPC","0","0","TOTAL MOT","-1","N/A","0","false","-1","N/A","0","false","0","false","0","false","0","22357866674","22357866674","0","false","true",
"C","M","20190301","2019","3","201903","842","USA","USA","X","Export","0","W00","World","0","W00","World","H5","HS","true","TOTAL","All Commodities","0","false","C00","TOTAL CPC","0","0","TOTAL MOT","-1","N/A","0","false","-1","N/A","0","false","0","true","0","false","0","148092232697","148092232697","4","false","true",
"C","M","20190401","2019","4","201904","842","USA","USA","DX","Domestic Export","0","W00","World","0","W00","World","H5","HS","true","TOTAL","All Commodities","0","false","C00","TOTAL CPC","0","0","TOTAL MOT","-1","N/A","0","false","-1","N/A","0","false","0","true","0","false","0","114718522624","114718522624","4","false","true",
"C","M","20190401","2019","4","201904","842","USA","USA","M","Import","0","W00","World","0","W00","World","H5","HS","true","TOTAL","All Commodities","0","false","C00","TOTAL CPC","0","0","TOTAL MOT","-1","N/A","0","false","-1","N/A","0","false","0","true","0","false","214735935654","208924596481","214735935654","4","false","true",
"C","M","20190401","2019","4","201904","842","USA","USA","RX","Re-export","0","W00","World","0","W00","World","H5","HS","true","TOTAL","All Commodities","0","false","C00","TOTAL CPC","0","0","TOTAL MOT","-1","N/A","0","false","-1","N/A","0","false","0","false","0","false","0","20362569421","20362569421","0","false","true",
"C","M","20190401","2019","4","201904","842","USA","USA","X","Export","0","W00","World","0","W00","World","H5","HS","true","TOTAL","All Commodities","0","false","C00","TOTAL CPC","0","0","TOTAL MOT","-1","N/A","0","false","-1","N/A","0","false","0","true","0","false","0","135081092045","135081092045","4","false","true",
"C","M","20190501","2019","5","201905","842","USA","USA","DX","Domestic Export","0","W00","World","0","W00","World","H5","HS","true","TOTAL","All Commodities","0","false","C00","TOTAL CPC","0","0","TOTAL MOT","-1","N/A","0","false","-1","N/A","0","false","0","true","0","false","0","120822569965","120822569965","4","false","true",
"C","M","20190501","2019","5","201905","842","USA","USA","M","Import","0","W00","World","0","W00","World","H5","HS","true","TOTAL","All Commodities","0","false","C00","TOTAL CPC","0","0","TOTAL MOT","-1","N/A","0","false","-1","N/A","0","false","0","true","0","false","226872440809","220786610851","226872440809","4","false","true",
"C","M","20190501","2019","5","201905","842","USA","USA","RX","Re-export","0","W00","World","0","W00","World","H5","HS","true","TOTAL","All Commodities","0","false","C00","TOTAL CPC","0","0","TOTAL MOT","-1","N/A","0","false","-1","N/A","0","false","0","false","0","false","0","21326596801","21326596801","0","false","true",
"C","M","20190501","2019","5","201905","842","USA","USA","X","Export","0","W00","World","0","W00","World","H5","HS","true","TOTAL","All Commodities","0","false","C00","TOTAL CPC","0","0","TOTAL MOT","-1","N/A","0","false","-1","N/A","0","false","0","true","0","false","0","142149166766","142149166766","4","false","true",
"C","M","20190601","2019","6","201906","842","USA","USA","DX","Domestic Export","0","W00","World","0","W00","World","H5","HS","true","TOTAL","All Commodities","0","false","C00","TOTAL CPC","0","0","TOTAL MOT","-1","N/A","0","false","-1","N/A","0","false","0","true","0","false","0","116278547267","116278547267","4","false","true",
"C","M","20190601","2019","6","201906","842","USA","USA","M","Import","0","W00","World","0","W00","World","H5","HS","true","TOTAL","All Commodities","0","false","C00","TOTAL CPC","0","0","TOTAL MOT","-1","N/A","0","false","-1","N/A","0","false","0","true","0","false","213075539484","207402387680","213075539484","4","false","true",
"C","M","20190601","2019","6","201906","842","USA","USA","RX","Re-export","0","W00","World","0","W00","World","H5","HS","true","TOTAL","All Commodities","0","false","C00","TOTAL CPC","0","0","TOTAL MOT","-1","N/A","0","false","-1","N/A","0","false","0","false","0","false","0","21720730787","21720730787","0","false","true",
"C","M","20190601","2019","6","201906","842","USA","USA","X","Export","0","W00","World","0","W00","World","H5","HS","true","TOTAL","All Commodities","0","false","C00","TOTAL CPC","0","0","TOTAL MOT","-1","N/A","0","false","-1","N/A","0","false","0","true","0","false","0","137999278054","137999278054","4","false","true",
"C","M","20190701","2019","7","201907","842","USA","USA","DX","Domestic Export","0","W00","World","0","W00","World","H5","HS","true","TOTAL","All Commodities","0","false","C00","TOTAL CPC","0","0","TOTAL MOT","-1","N/A","0","false","-1","N/A","0","false","0","true","0","false","0","112780636331","112780636331","4","false","true",
"C","M","20190701","2019","7","201907","842","USA","USA","M","Import","0","W00","World","0","W00","World","H5","HS","true","TOTAL","All Commodities","0","false","C00","TOTAL CPC","0","0","TOTAL MOT","-1","N/A","0","false","-1","N/A","0","false","0","true","0","false","225090933779","218925624041","225090933779","4","false","true",
"C","M","20190701","2019","7","201907","842","USA","USA","RX","Re-export","0","W00","World","0","W00","World","H5","HS","true","TOTAL","All Commodities","0","false","C00","TOTAL CPC","0","0","TOTAL MOT","-1","N/A","0","false","-1","N/A","0","false","0","false","0","false","0","19978175206","19978175206","0","false","true",
"C","M","20190701","2019","7","201907","842","USA","USA","X","Export","0","W00","World","0","W00","World","H5","HS","true","TOTAL","All Commodities","0","false","C00","TOTAL CPC","0","0","TOTAL MOT","-1","N/A","0","false","-1","N/A","0","false","0","true","0","false","0","132758811537","132758811537","4","false","true",
"C","M","20190801","2019","8","201908","842","USA","USA","DX","Domestic Export","0","W00","World","0","W00","World","H5","HS","true","TOTAL","All Commodities","0","false","C00","TOTAL CPC","0","0","TOTAL MOT","-1","N/A","0","false","-1","N/A","0","false","0","true","0","false","0","118158492767","118158492767","4","false","true",
"C","M","20190801","2019","8","201908","842","USA","USA","M","Import","0","W00","World","0","W00","World","H5","HS","true","TOTAL","All Commodities","0","false","C00","TOTAL CPC","0","0","TOTAL MOT","-1","N/A","0","false","-1","N/A","0","false","0","true","0","false","221815920493","215747304892","221815920493","4","false","true",
"C","M","20190801","2019","8","201908","842","USA","USA","RX","Re-export","0","W00","World","0","W00","World","H5","HS","true","TOTAL","All Commodities","0","false","C00","TOTAL CPC","0","0","TOTAL MOT","-1","N/A","0","false","-1","N/A","0","false","0","false","0","false","0","20441134038","20441134038","0","false","true",
"C","M","20190801","2019","8","201908","842","USA","USA","X","Export","0","W00","World","0","W00","World","H5","HS","true","TOTAL","All Commodities","0","false","C00","TOTAL CPC","0","0","TOTAL MOT","-1","N/A","0","false","-1","N/A","0","false","0","true","0","false","0","138599626805","138599626805","4","false","true",
"C","M","20190901","2019","9","201909","842","USA","USA","DX","Domestic Export","0","W00","World","0","W00","World","H5","HS","true","TOTAL","All Commodities","0","false","C00","TOTAL CPC","0","0","TOTAL MOT","-1","N/A","0","false","-1","N/A","0","false","0","true","0","false","0","113827937170","113827937170","4","false","true",
"C","M","20190901","2019","9","201909","842","USA","USA","M","Import","0","W00","World","0","W00","World","H5","HS","true","TOTAL","All Commodities","0","false","C00","TOTAL CPC","0","0","TOTAL MOT","-1","N/A","0","false","-1","N/A","0","false","0","true","0","false","212408805947","206685800334","212408805947","4","false","true",
"C","M","20190901","2019","9","201909","842","USA","USA","RX","Re-export","0","W00","World","0","W00","World","H5","HS","true","TOTAL","All Commodities","0","false","C00","TOTAL CPC","0","0","TOTAL MOT","-1","N/A","0","false","-1","N/A","0","false","0","false","0","false","0","20727537663","20727537663","0","false","true",
"C","M","20190901","2019","9","201909","842","USA","USA","X","Export","0","W00","World","0","W00","World","H5","HS","true","TOTAL","All Commodities","0","false","C00","TOTAL CPC","0","0","TOTAL MOT","-1","N/A","0","false","-1","N/A","0","false","0","true","0","false","0","134555474833","134555474833","4","false","true",
"C","M","20191001","2019","10","201910","842","USA","USA","DX","Domestic Export","0","W00","World","0","W00","World","H5","HS","true","TOTAL","All Commodities","0","false","C00","TOTAL CPC","0","0","TOTAL MOT","-1","N/A","0","false","-1","N/A","0","false","0","true","0","false","0","120628690795","120628690795","4","false","true",
"C","M","20191001","2019","10","201910","842","USA","USA","M","Import","0","W00","World","0","W00","World","H5","HS","true","TOTAL","All Commodities","0","false","C00","TOTAL CPC","0","0","TOTAL MOT","-1","N/A","0","false","-1","N/A","0","false","0","true","0","false","225165794226","219209678436","225165794226","4","false","true",
"C","M","20191001","2019","10","201910","842","USA","USA","RX","Re-export","0","W00","World","0","W00","World","H5","HS","true","TOTAL","All Commodities","0","false","C00","TOTAL CPC","0","0","TOTAL MOT","-1","N/A","0","false","-1","N/A","0","false","0","false","0","false","0","21544448975","21544448975","0","false","true",
"C","M","20191001","2019","10","201910","842","USA","USA","X","Export","0","W00","World","0","W00","World","H5","HS","true","TOTAL","All Commodities","0","false","C00","TOTAL CPC","0","0","TOTAL MOT","-1","N/A","0","false","-1","N/A","0","false","0","true","0","false","0","142173139770","142173139770","4","false","true",
"C","M","20191101","2019","11","201911","842","USA","USA","DX","Domestic Export","0","W00","World","0","W00","World","H5","HS","true","TOTAL","All Commodities","0","false","C00","TOTAL CPC","0","0","TOTAL MOT","-1","N/A","0","false","-1","N/A","0","false","0","true","0","false","0","116243654354","116243654354","4","false","true",
"C","M","20191101","2019","11","201911","842","USA","USA","M","Import","0","W00","World","0","W00","World","H5","HS","true","TOTAL","All Commodities","0","false","C00","TOTAL CPC","0","0","TOTAL MOT","-1","N/A","0","false","-1","N/A","0","false","0","true","0","false","204810957938","199288817914","204810957938","4","false","true",
"C","M","20191101","2019","11","201911","842","USA","USA","RX","Re-export","0","W00","World","0","W00","World","H5","HS","true","TOTAL","All Commodities","0","false","C00","TOTAL CPC","0","0","TOTAL MOT","-1","N/A","0","false","-1","N/A","0","false","0","false","0","false","0","20975273268","20975273268","0","false","true",
"C","M","20191101","2019","11","201911","842","USA","USA","X","Export","0","W00","World","0","W00","World","H5","HS","true","TOTAL","All Commodities","0","false","C00","TOTAL CPC","0","0","TOTAL MOT","-1","N/A","0","false","-1","N/A","0","false","0","true","0","false","0","137218927622","137218927622","4","false","true",
"C","M","20191201","2019","12","201912","842","USA","USA","DX","Domestic Export","0","W00","World","0","W00","World","H5","HS","true","TOTAL","All Commodities","0","false","C00","TOTAL CPC","0","0","TOTAL MOT","-1","N/A","0","false","-1","N/A","0","false","0","true","0","false","0","115987911226","115987911226","4","false","true",
"C","M","20191201","2019","12","201912","842","USA","USA","M","Import","0","W00","World","0","W00","World","H5","HS","true","TOTAL","All Commodities","0","false","C00","TOTAL CPC","0","0","TOTAL MOT","-1","N/A","0","false","-1","N/A","0","false","0","true","0","false","207972676141","202296850035","207972676141","4","false","true",
"C","M","20191201","2019","12","201912","842","USA","USA","RX","Re-export","0","W00","World","0","W00","World","H5","HS","true","TOTAL","All Commodities","0","false","C00","TOTAL CPC","0","0","TOTAL MOT","-1","N/A","0","false","-1","N/A","0","false","0","false","0","false","0","19764759198","19764759198","0","false","true",
"C","M","20191201","2019","12","201912","842","USA","USA","X","Export","0","W00","World","0","W00","World","H5","HS","true","TOTAL","All Commodities","0","false","C00","TOTAL CPC","0","0","TOTAL MOT","-1","N/A","0","false","-1","N/A","0","false","0","true","0","false","0","135752670424","135752670424","4","false","true",
