"TypeCode","FreqCode","RefPeriodId","RefYear","RefMonth","Period","ReporterCode","ReporterISO","ReporterDesc","FlowCode","FlowDesc","PartnerCode","PartnerISO","PartnerDesc","Partner2Code","Partner2ISO","Partner2Desc","ClassificationCode","ClassificationSearchCode","IsOriginalClassification","CmdCode","CmdDesc","AggrLevel","IsLeaf","CustomsCode","CustomsDesc","MosCode","MotCode","MotDesc","QtyUnitCode","QtyUnitAbbr","Qty","IsQtyEstimated","AltQtyUnitCode","AltQtyUnitAbbr","AtlQty","IsAltQtyEstimated","NetWgt","IsNetWgtEstimated","GrossWgt","IsGrossWgtEstimated","Cifvalue","Fobvalue","PrimaryValue","LegacyEstimationFlag","IsReported","IsAggregate",
"C","M","20200101","2020","1","202001","842","USA","USA","DX","Domestic Export","0","W00","World","0","W00","World","H5","HS","true","TOTAL","All Commodities","0","false","C00","TOTAL CPC","0","0","TOTAL MOT","-1","N/A","0","false","-1","N/A","0","false","0","true","0","false","0","109322421446","109322421446","4","false","true",
"C","M","20200101","2020","1","202001","842","USA","USA","M","Import","0","W00","World","0","W00","World","H5","HS","true","TOTAL","All Commodities","0","false","C00","TOTAL CPC","0","0","TOTAL MOT","-1","N/A","0","false","-1","N/A","0","false","0","true","0","false","202039927819","196314349315","202039927819","4","false","true",
"C","M","20200101","2020","1","202001","842","USA","USA","RX","Re-export","0","W00","World","0","W00","World","H5","HS","true","TOTAL","All Commodities","0","false","C00","TOTAL CPC","0","0","TOTAL MOT","-1","N/A","0","false","-1","N/A","0","false","0","false","0","false","0","19657089768","19657089768","0","false","true",
"C","M","20200101","2020","1","202001","842","USA","USA","X","Export","0","W00","World","0","W00","World","H5","HS","true","TOTAL","All Commodities","0","false","C00","TOTAL CPC","0","0","TOTAL MOT","-1","N/A","0","false","-1","N/A","0","false","0","true","0","false","0","128979511214","128979511214","4","false","true",
"C","M","20200201","2020","2","202002","842","USA","USA","DX","Domestic Export","0","W00","World","0","W00","World","H5","HS","true","TOTAL","All Commodities","0","false","C00","TOTAL CPC","0","0","TOTAL MOT","-1","N/A","0","false","-1","N/A","0","false","0","true","0","false","0","112609581233","112609581233","4","false","true",
"C","M","20200201","2020","2","202002","842","USA","USA","M","Import","0","W00","World","0","W00","World","H5","HS","true","TOTAL","All Commodities","0","false","C00","TOTAL CPC","0","0","TOTAL MOT","-1","N/A","0","false","-1","N/A","0","false","0","true","0","false","183256071198","178231109690","183256071198","4","false","true",
"C","M","20200201","2020","2","202002","842","USA","USA","RX","Re-export","0","W00","World","0","W00","World","H5","HS","true","TOTAL","All Commodities","0","false","C00","TOTAL CPC","0","0","TOTAL MOT","-1","N/A","0","false","-1","N/A","0","false","0","false","0","false","0","19382518081","19382518081","0","false","true",
"C","M","20200201","2020","2","202002","842","USA","USA","X","Export","0","W00","World","0","W00","World","H5","HS","true","TOTAL","All Commodities","0","false","C00","TOTAL CPC","0","0","TOTAL MOT","-1","N/A","0","false","-1","N/A","0","false","0","true","0","false","0","131992099314","131992099314","4","false","true",
"C","M","20200301","2020","3","202003","842","USA","USA","DX","Domestic Export","0","W00","World","0","W00","World","H5","HS","true","TOTAL","All Commodities","0","false","C00","TOTAL CPC","0","0","TOTAL MOT","-1","N/A","0","false","-1","N/A","0","false","0","true","0","false","0","115111200778","115111200778","4","false","true",
"C","M","20200301","2020","3","202003","842","USA","USA","M","Import","0","W00","World","0","W00","World","H5","HS","true","TOTAL","All Commodities","0","false","C00","TOTAL CPC","0","0","TOTAL MOT","-1","N/A","0","false","-1","N/A","0","false","0","true","0","false","199552338938","0","199552338938","4","false","true",
"C","M","20200301","2020","3","202003","842","USA","USA","RX","Re-export","0","W00","World","0","W00","World","H5","HS","true","TOTAL","All Commodities","0","false","C00","TOTAL CPC","0","0","TOTAL MOT","-1","N/A","0","false","-1","N/A","0","false","0","false","0","false","0","19289548767","19289548767","0","false","true",
"C","M","20200301","2020","3","202003","842","USA","USA","X","Export","0","W00","World","0","W00","World","H5","HS","true","TOTAL","All Commodities","0","false","C00","TOTAL CPC","0","0","TOTAL MOT","-1","N/A","0","false","-1","N/A","0","false","0","true","0","false","0","134400749545","134400749545","4","false","true",
"C","M","20200401","2020","4","202004","842","USA","USA","DX","Domestic Export","0","W00","World","0","W00","World","H5","HS","true","TOTAL","All Commodities","0","false","C00","TOTAL CPC","0","0","TOTAL MOT","-1","N/A","0","false","-1","N/A","0","false","0","true","0","false","0","81615126251","81615126251","4","false","true",
"C","M","20200401","2020","4","202004","842","USA","USA","M","Import","0","W00","World","0","W00","World","H5","HS","true","TOTAL","All Commodities","0","false","C00","TOTAL CPC","0","0","TOTAL MOT","-1","N/A","0","false","-1","N/A","0","false","0","true","0","false","170472110871","0","170472110871","4","false","true",
"C","M","20200401","2020","4","202004","842","USA","USA","RX","Re-export","0","W00","World","0","W00","World","H5","HS","true","TOTAL","All Commodities","0","false","C00","TOTAL CPC","0","0","TOTAL MOT","-1","N/A","0","false","-1","N/A","0","false","0","false","0","false","0","14068653149","14068653149","0","false","true",
"C","M","20200401","2020","4","202004","842","USA","USA","X","Export","0","W00","World","0","W00","World","H5","HS","true","TOTAL","All Commodities","0","false","C00","TOTAL CPC","0","0","TOTAL MOT","-1","N/A","0","false","-1","N/A","0","false","0","true","0","false","0","95683779400","95683779400","4","false","true",
"C","M","20200501","2020","5","202005","842","USA","USA","DX","Domestic Export","0","W00","World","0","W00","World","H5","HS","true","TOTAL","All Commodities","0","false","C00","TOTAL CPC","0","0","TOTAL MOT","-1","N/A","0","false","-1","N/A","0","false","0","true","0","false","0","77434746962","77434746962","4","false","true",
"C","M","20200501","2020","5","202005","842","USA","USA","M","Import","0","W00","World","0","W00","World","H5","HS","true","TOTAL","All Commodities","0","false","C00","TOTAL CPC","0","0","TOTAL MOT","-1","N/A","0","false","-1","N/A","0","false","0","true","0","false","168987161544","0","168987161544","4","false","true",
"C","M","20200501","2020","5","202005","842","USA","USA","RX","Re-export","0","W00","World","0","W00","World","H5","HS","true","TOTAL","All Commodities","0","false","C00","TOTAL CPC","0","0","TOTAL MOT","-1","N/A","0","false","-1","N/A","0","false","0","false","0","false","0","13150212561","13150212561","0","false","true",
"C","M","20200501","2020","5","202005","842","USA","USA","X","Export","0","W00","World","0","W00","World","H5","HS","true","TOTAL","All Commodities","0","false","C00","TOTAL CPC","0","0","TOTAL MOT","-1","N/A","0","false","-1","N/A","0","false","0","true","0","false","0","90584959523","90584959523","4","false","true",
"C","M","20200601","2020","6","202006","842","USA","USA","DX","Domestic Export","0","W00","World","0","W00","World","H5","HS","true","TOTAL","All Commodities","0","false","C00","TOTAL CPC","0","0","TOTAL MOT","-1","N/A","0","false","-1","N/A","0","false","0","true","0","false","0","87767498680","87767498680","4","false","true",
"C","M","20200601","2020","6","202006","842","USA","USA","M","Import","0","W00","World","0","W00","World","H5","HS","true","TOTAL","All Commodities","0","false","C00","TOTAL CPC","0","0","TOTAL MOT","-1","N/A","0","false","-1","N/A","0","false","0","true","0","false","184886066435","0","184886066435","4","false","true",
"C","M","20200601","2020","6","202006","842","USA","USA","RX","Re-export","0","W00","World","0","W00","World","H5","HS","true","TOTAL","All Commodities","0","false","C00","TOTAL CPC","0","0","TOTAL MOT","-1","N/A","0","false","-1","N/A","0","false","0","false","0","false","0","17199750100","17199750100","0","false","true",
"C","M","20200601","2020","6","202006","842","USA","USA","X","Export","0","W00","World","0","W00","World","H5","HS","true","TOTAL","All Commodities","0","false","C00","TOTAL CPC","0","0","TOTAL MOT","-1","N/A","0","false","-1","N/A","0","false","0","true","0","false","0","104967248780","104967248780","4","false","true",
"C","M","20200701","2020","7","202007","842","USA","USA","DX","Domestic Export","0","W00","World","0","W00","World","H5","HS","true","TOTAL","All Commodities","0","false","C00","TOTAL CPC","0","0","TOTAL MOT","-1","N/A","0","false","-1","N/A","0","false","0","true","0","false","0","93692291597","93692291597","4","false","true",
"C","M","20200701","2020","7","202007","842","USA","USA","M","Import","0","W00","World","0","W00","World","H5","HS","true","TOTAL","All Commodities","0","false","C00","TOTAL CPC","0","0","TOTAL MOT","-1","N/A","0","false","-1","N/A","0","false","0","true","0","false","206507506826","0","206507506826","4","false","true",
"C","M","20200701","2020","7","202007","842","USA","USA","RX","Re-export","0","W00","World","0","W00","World","H5","HS","true","TOTAL","All Commodities","0","false","C00","TOTAL CPC","0","0","TOTAL MOT","-1","N/A","0","false","-1","N/A","0","false","0","false","0","false","0","18889307540","18889307540","0","false","true",
"C","M","20200701","2020","7","202007","842","USA","USA","X","Export","0","W00","World","0","W00","World","H5","HS","true","TOTAL","All Commodities","0","false","C00","TOTAL CPC","0","0","TOTAL MOT","-1","N/A","0","false","-1","N/A","0","false","0","true","0","false","0","112581599137","112581599137","4","false","true",
"C","M","20200801","2020","8","202008","842","USA","USA","DX","Domestic Export","0","W00","World","0","W00","World","H5","HS","true","TOTAL","All Commodities","0","false","C00","TOTAL CPC","0","0","TOTAL MOT","-1","N/A","0","false","-1","N/A","0","false","0","true","0","false","0","99202844494","99202844494","4","false","true",
"C","M","20200801","2020","8","202008","842","USA","USA","M","Import","0","W00","World","0","W00","World","H5","HS","true","TOTAL","All Commodities","0","false","C00","TOTAL CPC","0","0","TOTAL MOT","-1","N/A","0","false","-1","N/A","0","false","0","true","0","false","209439292560","0","209439292560","4","false","true",
"C","M","20200801","2020","8","202008","842","USA","USA","RX","Re-export","0","W00","World","0","W00","World","H5","HS","true","TOTAL","All Commodities","0","false","C00","TOTAL CPC","0","0","TOTAL MOT","-1","N/A","0","false","-1","N/A","0","false","0","false","0","false","0","18755409156","18755409156","0","false","true",
"C","M","20200801","2020","8","202008","842","USA","USA","X","Export","0","W00","World","0","W00","World","H5","HS","true","TOTAL","All Commodities","0","false","C00","TOTAL CPC","0","0","TOTAL MOT","-1","N/A","0","false","-1","N/A","0","false","0","true","0","false","0","117958253650","117958253650","4","false","true",
"C","M","20200901","2020","9","202009","842","USA","USA","DX","Domestic Export","0","W00","World","0","W00","World","H5","HS","true","TOTAL","All Commodities","0","false","C00","TOTAL CPC","0","0","TOTAL MOT","-1","N/A","0","false","-1","N/A","0","false","0","true","0","false","0","101522387838","101522387838","4","false","true",
"C","M","20200901","2020","9","202009","842","USA","USA","M","Import","0","W00","World","0","W00","World","H5","HS","true","TOTAL","All Commodities","0","false","C00","TOTAL CPC","0","0","TOTAL MOT","-1","N/A","0","false","-1","N/A","0","false","0","true","0","false","212436902064","0","212436902064","4","false","true",
"C","M","20200901","2020","9","202009","842","USA","USA","RX","Re-export","0","W00","World","0","W00","World","H5","HS","true","TOTAL","All Commodities","0","false","C00","TOTAL CPC","0","0","TOTAL MOT","-1","N/A","0","false","-1","N/A","0","false","0","false","0","false","0","19856348934","19856348934","0","false","true",
"C","M","20200901","2020","9","202009","842","USA","USA","X","Export","0","W00","World","0","W00","World","H5","HS","true","TOTAL","All Commodities","0","false","C00","TOTAL CPC","0","0","TOTAL MOT","-1","N/A","0","false","-1","N/A","0","false","0","true","0","false","0","121378736772","121378736772","4","false","true",
"C","M","20201001","2020","10","202010","842","USA","USA","DX","Domestic Export","0","W00","World","0","W00","World","H5","HS","true","TOTAL","All Commodities","0","false","C00","TOTAL CPC","0","0","TOTAL MOT","-1","N/A","0","false","-1","N/A","0","false","0","true","0","false","0","110705160817","110705160817","4","false","true",
"C","M","20201001","2020","10","202010","842","USA","USA","M","Import","0","W00","World","0","W00","World","H5","HS","true","TOTAL","All Commodities","0","false","C00","TOTAL CPC","0","0","TOTAL MOT","-1","N/A","0","false","-1","N/A","0","false","0","true","0","false","226163789343","0","226163789343","4","false","true",
"C","M","20201001","2020","10","202010","842","USA","USA","RX","Re-export","0","W00","World","0","W00","World","H5","HS","true","TOTAL","All Commodities","0","false","C00","TOTAL CPC","0","0","TOTAL MOT","-1","N/A","0","false","-1","N/A","0","false","0","true","0","false","0","21697499959","21697499959","4","false","true",
"C","M","20201001","2020","10","202010","842","USA","USA","X","Export","0","W00","World","0","W00","World","H5","HS","true","TOTAL","All Commodities","0","false","C00","TOTAL CPC","0","0","TOTAL MOT","-1","N/A","0","false","-1","N/A","0","false","0","true","0","false","0","132402660776","132402660776","4","false","true",
"C","M","20201101","2020","11","202011","842","USA","USA","DX","Domestic Export","0","W00","World","0","W00","World","H5","HS","true","TOTAL","All Commodities","0","false","C00","TOTAL CPC","0","0","TOTAL MOT","-1","N/A","0","false","-1","N/A","0","false","0","true","0","false","0","106624249385","106624249385","4","false","true",
"C","M","20201101","2020","11","202011","842","USA","USA","M","Import","0","W00","World","0","W00","World","H5","HS","true","TOTAL","All Commodities","0","false","C00","TOTAL CPC","0","0","TOTAL MOT","-1","N/A","0","false","-1","N/A","0","false","0","true","0","false","219391292326","0","219391292326","4","false","true",
"C","M","20201101","2020","11","202011","842","USA","USA","RX","Re-export","0","W00","World","0","W00","World","H5","HS","true","TOTAL","All Commodities","0","false","C00","TOTAL CPC","0","0","TOTAL MOT","-1","N/A","0","false","-1","N/A","0","false","0","true","0","false","0","20230170803","20230170803","4","false","true",
"C","M","20201101","2020","11","202011","842","USA","USA","X","Export","0","W00","World","0","W00","World","H5","HS","true","TOTAL","All Commodities","0","false","C00","TOTAL CPC","0","0","TOTAL MOT","-1","N/A","0","false","-1","N/A","0","false","0","true","0","false","0","126854420188","126854420188","4","false","true",
"C","M","20201201","2020","12","202012","842","USA","USA","DX","Domestic Export","0","W00","World","0","W00","World","H5","HS","true","TOTAL","All Commodities","0","false","C00","TOTAL CPC","0","0","TOTAL MOT","-1","N/A","0","false","-1","N/A","0","false","0","true","0","false","0","111509851951","111509851951","4","false","true",
"C","M","20201201","2020","12","202012","842","USA","USA","M","Import","0","W00","World","0","W00","World","H5","HS","true","TOTAL","All Commodities","0","false","C00","TOTAL CPC","0","0","TOTAL MOT","-1","N/A","0","false","-1","N/A","0","false","0","true","0","false","222249097743","0","222249097743","4","false","true",
"C","M","20201201","2020","12","202012","842","USA","USA","RX","Re-export","0","W00","World","0","W00","World","H5","HS","true","TOTAL","All Commodities","0","false","C00","TOTAL CPC","0","0","TOTAL MOT","-1","N/A","0","false","-1","N/A","0","false","0","true","0","false","0","20959753239","20959753239","4","false","true",
"C","M","20201201","2020","12","202012","842","USA","USA","X","Export","0","W00","World","0","W00","World","H5","HS","true","TOTAL","All Commodities","0","false","C00","TOTAL CPC","0","0","TOTAL MOT","-1","N/A","0","false","-1","N/A","0","false","0","true","0","false","0","132469605190","132469605190","4","false","true",
