"TypeCode","FreqCode","RefPeriodId","RefYear","RefMonth","Period","ReporterCode","ReporterISO","ReporterDesc","FlowCode","FlowDesc","PartnerCode","PartnerISO","PartnerDesc","Partner2Code","Partner2ISO","Partner2Desc","ClassificationCode","ClassificationSearchCode","IsOriginalClassification","CmdCode","CmdDesc","AggrLevel","IsLeaf","CustomsCode","CustomsDesc","MosCode","MotCode","MotDesc","QtyUnitCode","QtyUnitAbbr","Qty","IsQtyEstimated","AltQtyUnitCode","AltQtyUnitAbbr","AtlQty","IsAltQtyEstimated","NetWgt","IsNetWgtEstimated","GrossWgt","IsGrossWgtEstimated","Cifvalue","Fobvalue","PrimaryValue","LegacyEstimationFlag","IsReported","IsAggregate",
"C","M","20210101","2021","1","202101","842","USA","USA","DX","Domestic Export","0","W00","World","0","W00","World","H5","HS","true","TOTAL","All Commodities","0","false","C00","TOTAL CPC","0","0","TOTAL MOT","-1","N/A","0","false","-1","N/A","0","false","0","true","0","false","0","106920714195","106920714195","4","false","true",
"C","M","20210101","2021","1","202101","842","USA","USA","M","Import","0","W00","World","0","W00","World","H5","HS","true","TOTAL","All Commodities","0","false","C00","TOTAL CPC","0","0","TOTAL MOT","-1","N/A","0","false","-1","N/A","0","false","0","true","0","false","211301088285","0","211301088285","4","false","true",
"C","M","20210101","2021","1","202101","842","USA","USA","RX","Re-export","0","W00","World","0","W00","World","H5","HS","true","TOTAL","All Commodities","0","false","C00","TOTAL CPC","0","0","TOTAL MOT","-1","N/A","0","false","-1","N/A","0","false","0","true","0","false","0","20555664085","20555664085","4","false","true",
"C","M","20210101","2021","1","202101","842","USA","USA","X","Export","0","W00","World","0","W00","World","H5","HS","true","TOTAL","All Commodities","0","false","C00","TOTAL CPC","0","0","TOTAL MOT","-1","N/A","0","false","-1","N/A","0","false","0","true","0","false","0","127476378280","127476378280","4","false","true",
"C","M","20210201","2021","2","202102","842","USA","USA","DX","Domestic Export","0","W00","World","0","W00","World","H5","HS","true","TOTAL","All Commodities","0","false","C00","TOTAL CPC","0","0","TOTAL MOT","-1","N/A","0","false","-1","N/A","0","false","0","true","0","false","0","105256762147","105256762147","4","false","true",
"C","M","20210201","2021","2","202102","842","USA","USA","M","Import","0","W00","World","0","W00","World","H5","HS","true","TOTAL","All Commodities","0","false","C00","TOTAL CPC","0","0","TOTAL MOT","-1","N/A","0","false","-1","N/A","0","false","0","true","0","false","199824022281","0","199824022281","4","false","true",
"C","M","20210201","2021","2","202102","842","USA","USA","RX","Re-export","0","W00","World","0","W00","World","H5","HS","true","TOTAL","All Commodities","0","false","C00","TOTAL CPC","0","0","TOTAL MOT","-1","N/A","0","false","-1","N/A","0","false","0","true","0","false","0","18618158491","18618158491","4","false","true",
"C","M","20210201","2021","2","202102","842","USA","USA","X","Export","0","W00","World","0","W00","World","H5","HS","true","TOTAL","All Commodities","0","false","C00","TOTAL CPC","0","0","TOTAL MOT","-1","N/A","0","false","-1","N/A","0","false","0","true","0","false","0","123874920638","123874920638","4","false","true",
"C","M","20210301","2021","3","202103","842","USA","USA","DX","Domestic Export","0","W00","World","0","W00","World","H5","HS","true","TOTAL","All Commodities","0","false","C00","TOTAL CPC","0","0","TOTAL MOT","-1","N/A","0","false","-1","N/A","0","false","0","true","0","false","0","126076178577","126076178577","4","false","true",
"C","M","20210301","2021","3","202103","842","USA","USA","M","Import","0","W00","World","0","W00","World","H5","HS","true","TOTAL","All Commodities","0","false","C00","TOTAL CPC","0","0","TOTAL MOT","-1","N/A","0","false","-1","N/A","0","false","0","true","0","false","244771065954","0","244771065954","4","false","true",
"C","M","20210301","2021","3","202103","842","USA","USA","RX","Re-export","0","W00","World","0","W00","World","H5","HS","true","TOTAL","All Commodities","0","false","C00","TOTAL CPC","0","0","TOTAL MOT","-1","N/A","0","false","-1","N/A","0","false","0","true","0","false","0","25412782690","25412782690","4","false","true",
"C","M","20210301","2021","3","202103","842","USA","USA","X","Export","0","W00","World","0","W00","World","H5","HS","true","TOTAL","All Commodities","0","false","C00","TOTAL CPC","0","0","TOTAL MOT","-1","N/A","0","false","-1","N/A","0","false","0","true","0","false","0","151488961267","151488961267","4","false","true",
"C","M","20210401","2021","4","202104","842","USA","USA","DX","Domestic Export","0","W00","World","0","W00","World","H5","HS","true","TOTAL","All Commodities","0","false","C00","TOTAL CPC","0","0","TOTAL MOT","-1","N/A","0","false","-1","N/A","0","false","0","true","0","false","0","121682452756","121682452756","4","false","true",
"C","M","20210401","2021","4","202104","842","USA","USA","M","Import","0","W00","World","0","W00","World","H5","HS","true","TOTAL","All Commodities","0","false","C00","TOTAL CPC","0","0","TOTAL MOT","-1","N/A","0","false","-1","N/A","0","false","0","true","0","false","234369486938","0","234369486938","4","false","true",
"C","M","20210401","2021","4","202104","842","USA","USA","RX","Re-export","0","W00","World","0","W00","World","H5","HS","true","TOTAL","All Commodities","0","false","C00","TOTAL CPC","0","0","TOTAL MOT","-1","N/A","0","false","-1","N/A","0","false","0","true","0","false","0","22659761010","22659761010","4","false","true",
"C","M","20210401","2021","4","202104","842","USA","USA","X","Export","0","W00","World","0","W00","World","H5","HS","true","TOTAL","All Commodities","0","false","C00","TOTAL CPC","0","0","TOTAL MOT","-1","N/A","0","false","-1","N/A","0","false","0","true","0","false","0","144342213766","144342213766","4","false","true",
"C","M","20210501","2021","5","202105","842","USA","USA","DX","Domestic Export","0","W00","World","0","W00","World","H5","HS","true","TOTAL","All Commodities","0","false","C00","TOTAL CPC","0","0","TOTAL MOT","-1","N/A","0","false","-1","N/A","0","false","0","true","0","false","0","122298699200","122298699200","4","false","true",
"C","M","20210501","2021","5","202105","842","USA","USA","M","Import","0","W00","World","0","W00","World","H5","HS","true","TOTAL","All Commodities","0","false","C00","TOTAL CPC","0","0","TOTAL MOT","-1","N/A","0","false","-1","N/A","0","false","0","true","0","false","238363625405","0","238363625405","4","false","true",
"C","M","20210501","2021","5","202105","842","USA","USA","RX","Re-export","0","W00","World","0","W00","World","H5","HS","true","TOTAL","All Commodities","0","false","C00","TOTAL CPC","0","0","TOTAL MOT","-1","N/A","0","false","-1","N/A","0","false","0","true","0","false","0","22364369820","22364369820","4","false","true",
"C","M","20210501","2021","5","202105","842","USA","USA","X","Export","0","W00","World","0","W00","World","H5","HS","true","TOTAL","All Commodities","0","false","C00","TOTAL CPC","0","0","TOTAL MOT","-1","N/A","0","false","-1","N/A","0","false","0","true","0","false","0","144663069020","144663069020","4","false","true",
"C","M","20210601","2021","6","202106","842","USA","USA","DX","Domestic Export","0","W00","World","0","W00","World","H5","HS","true","TOTAL","All Commodities","0","false","C00","TOTAL CPC","0","0","TOTAL MOT","-1","N/A","0","false","-1","N/A","0","false","0","true","0","false","0","124572467412","124572467412","4","false","true",
"C","M","20210601","2021","6","202106","842","USA","USA","M","Import","0","W00","World","0","W00","World","H5","HS","true","TOTAL","All Commodities","0","false","C00","TOTAL CPC","0","0","TOTAL MOT","-1","N/A","0","false","-1","N/A","0","false","0","true","0","false","250995527336","0","250995527336","4","false","true",
"C","M","20210601","2021","6","202106","842","USA","USA","RX","Re-export","0","W00","World","0","W00","World","H5","HS","true","TOTAL","All Commodities","0","false","C00","TOTAL CPC","0","0","TOTAL MOT","-1","N/A","0","false","-1","N/A","0","false","0","true","0","false","0","23064508473","23064508473","4","false","true",
"C","M","20210601","2021","6","202106","842","USA","USA","X","Export","0","W00","World","0","W00","World","H5","HS","true","TOTAL","All Commodities","0","false","C00","TOTAL CPC","0","0","TOTAL MOT","-1","N/A","0","false","-1","N/A","0","false","0","true","0","false","0","147636975885","147636975885","4","false","true",
"C","M","20210701","2021","7","202107","842","USA","USA","DX","Domestic Export","0","W00","World","0","W00","World","H5","HS","true","TOTAL","All Commodities","0","false","C00","TOTAL CPC","0","0","TOTAL MOT","-1","N/A","0","false","-1","N/A","0","false","0","true","0","false","0","121600940976","121600940976","4","false","true",
"C","M","20210701","2021","7","202107","842","USA","USA","M","Import","0","W00","World","0","W00","World","H5","HS","true","TOTAL","All Commodities","0","false","C00","TOTAL CPC","0","0","TOTAL MOT","-1","N/A","0","false","-1","N/A","0","false","0","true","0","false","246272679168","0","246272679168","4","false","true",
"C","M","20210701","2021","7","202107","842","USA","USA","RX","Re-export","0","W00","World","0","W00","World","H5","HS","true","TOTAL","All Commodities","0","false","C00","TOTAL CPC","0","0","TOTAL MOT","-1","N/A","0","false","-1","N/A","0","false","0","true","0","false","0","22428764389","22428764389","4","false","true",
"C","M","20210701","2021","7","202107","842","USA","USA","X","Export","0","W00","World","0","W00","World","H5","HS","true","TOTAL","All Commodities","0","false","C00","TOTAL CPC","0","0","TOTAL MOT","-1","N/A","0","false","-1","N/A","0","false","0","true","0","false","0","144029705365","144029705365","4","false","true",
"C","M","20210801","2021","8","202108","842","USA","USA","DX","Domestic Export","0","W00","World","0","W00","World","H5","HS","true","TOTAL","All Commodities","0","false","C00","TOTAL CPC","0","0","TOTAL MOT","-1","N/A","0","false","-1","N/A","0","false","0","true","0","false","0","125104089692","125104089692","4","false","true",
"C","M","20210801","2021","8","202108","842","USA","USA","M","Import","0","W00","World","0","W00","World","H5","HS","true","TOTAL","All Commodities","0","false","C00","TOTAL CPC","0","0","TOTAL MOT","-1","N/A","0","false","-1","N/A","0","false","0","true","0","false","255062931259","0","255062931259","4","false","true",
"C","M","20210801","2021","8","202108","842","USA","USA","RX","Re-export","0","W00","World","0","W00","World","H5","HS","true","TOTAL","All Commodities","0","false","C00","TOTAL CPC","0","0","TOTAL MOT","-1","N/A","0","false","-1","N/A","0","false","0","false","0","false","0","22930814242","22930814242","0","false","true",
"C","M","20210801","2021","8","202108","842","USA","USA","X","Export","0","W00","World","0","W00","World","H5","HS","true","TOTAL","All Commodities","0","false","C00","TOTAL CPC","0","0","TOTAL MOT","-1","N/A","0","false","-1","N/A","0","false","0","true","0","false","0","148034903934","148034903934","4","false","true",
"C","M","20210901","2021","9","202109","842","USA","USA","DX","Domestic Export","0","W00","World","0","W00","World","H5","HS","true","TOTAL","All Commodities","0","false","C00","TOTAL CPC","0","0","TOTAL MOT","-1","N/A","0","false","-1","N/A","0","false","0","true","0","false","0","119509215540","119509215540","4","false","true",
"C","M","20210901","2021","9","202109","842","USA","USA","M","Import","0","W00","World","0","W00","World","H5","HS","true","TOTAL","All Commodities","0","false","C00","TOTAL CPC","0","0","TOTAL MOT","-1","N/A","0","false","-1","N/A","0","false","0","true","0","false","253797745000","0","253797745000","4","false","true",
"C","M","20210901","2021","9","202109","842","USA","USA","RX","Re-export","0","W00","World","0","W00","World","H5","HS","true","TOTAL","All Commodities","0","false","C00","TOTAL CPC","0","0","TOTAL MOT","-1","N/A","0","false","-1","N/A","0","false","0","false","0","false","0","22281203694","22281203694","0","false","true",
"C","M","20210901","2021","9","202109","842","USA","USA","X","Export","0","W00","World","0","W00","World","H5","HS","true","TOTAL","All Commodities","0","false","C00","TOTAL CPC","0","0","TOTAL MOT","-1","N/A","0","false","-1","N/A","0","false","0","true","0","false","0","141790419234","141790419234","4","false","true",
"C","M","20211001","2021","10","202110","842","USA","USA","DX","Domestic Export","0","W00","World","0","W00","World","H5","HS","true","TOTAL","All Commodities","0","false","C00","TOTAL CPC","0","0","TOTAL MOT","-1","N/A","0","false","-1","N/A","0","false","0","true","0","false","0","137996207571","137996207571","4","false","true",
"C","M","20211001","2021","10","202110","842","USA","USA","M","Import","0","W00","World","0","W00","World","H5","HS","true","TOTAL","All Commodities","0","false","C00","TOTAL CPC","0","0","TOTAL MOT","-1","N/A","0","false","-1","N/A","0","false","0","true","0","false","260844505950","0","260844505950","4","false","true",
"C","M","20211001","2021","10","202110","842","USA","USA","RX","Re-export","0","W00","World","0","W00","World","H5","HS","true","TOTAL","All Commodities","0","false","C00","TOTAL CPC","0","0","TOTAL MOT","-1","N/A","0","false","-1","N/A","0","false","0","false","0","false","0","26375237112","26375237112","0","false","true",
"C","M","20211001","2021","10","202110","842","USA","USA","X","Export","0","W00","World","0","W00","World","H5","HS","true","TOTAL","All Commodities","0","false","C00","TOTAL CPC","0","0","TOTAL MOT","-1","N/A","0","false","-1","N/A","0","false","0","true","0","false","0","164371444683","164371444683","4","false","true",
"C","M","20211101","2021","11","202111","842","USA","USA","DX","Domestic Export","0","W00","World","0","W00","World","H5","HS","true","TOTAL","All Commodities","0","false","C00","TOTAL CPC","0","0","TOTAL MOT","-1","N/A","0","false","-1","N/A","0","false","0","true","0","false","0","133513397008","133513397008","4","false","true",
"C","M","20211101","2021","11","202111","842","USA","USA","M","Import","0","W00","World","0","W00","World","H5","HS","true","TOTAL","All Commodities","0","false","C00","TOTAL CPC","0","0","TOTAL MOT","-1","N/A","0","false","-1","N/A","0","false","0","true","0","false","269298997428","0","269298997428","4","false","true",
"C","M","20211101","2021","11","202111","842","USA","USA","RX","Re-export","0","W00","World","0","W00","World","H5","HS","true","TOTAL","All Commodities","0","false","C00","TOTAL CPC","0","0","TOTAL MOT","-1","N/A","0","false","-1","N/A","0","false","0","false","0","false","0","22834211480","22834211480","0","false","true",
"C","M","20211101","2021","11","202111","842","USA","USA","X","Export","0","W00","World","0","W00","World","H5","HS","true","TOTAL","All Commodities","0","false","C00","TOTAL CPC","0","0","TOTAL MOT","-1","N/A","0","false","-1","N/A","0","false","0","true","0","false","0","156347608488","156347608488","4","false","true",
"C","M","20211201","2021","12","202112","842","USA","USA","DX","Domestic Export","0","W00","World","0","W00","World","H5","HS","true","TOTAL","All Commodities","0","false","C00","TOTAL CPC","0","0","TOTAL MOT","-1","N/A","0","false","-1","N/A","0","false","0","true","0","false","0","134067892900","134067892900","4","false","true",
"C","M","20211201","2021","12","202112","842","USA","USA","M","Import","0","W00","World","0","W00","World","H5","HS","true","TOTAL","All Commodities","0","false","C00","TOTAL CPC","0","0","TOTAL MOT","-1","N/A","0","false","-1","N/A","0","false","0","true","0","false","268074400222","0","268074400222","4","false","true",
"C","M","20211201","2021","12","202112","842","USA","USA","RX","Re-export","0","W00","World","0","W00","World","H5","HS","true","TOTAL","All Commodities","0","false","C00","TOTAL CPC","0","0","TOTAL MOT","-1","N/A","0","false","-1","N/A","0","false","0","true","0","false","0","25012214646","25012214646","4","false","true",
"C","M","20211201","2021","12","202112","842","USA","USA","X","Export","0","W00","World","0","W00","World","H5","HS","true","TOTAL","All Commodities","0","false","C00","TOTAL CPC","0","0","TOTAL MOT","-1","N/A","0","false","-1","N/A","0","false","0","true","0","false","0","159080107546","159080107546","4","false","true",
