"TypeCode","FreqCode","RefPeriodId","RefYear","RefMonth","Period","ReporterCode","ReporterISO","ReporterDesc","FlowCode","FlowDesc","PartnerCode","PartnerISO","PartnerDesc","Partner2Code","Partner2ISO","Partner2Desc","ClassificationCode","ClassificationSearchCode","IsOriginalClassification","CmdCode","CmdDesc","AggrLevel","IsLeaf","CustomsCode","CustomsDesc","MosCode","MotCode","MotDesc","QtyUnitCode","QtyUnitAbbr","Qty","IsQtyEstimated","AltQtyUnitCode","AltQtyUnitAbbr","AtlQty","IsAltQtyEstimated","NetWgt","IsNetWgtEstimated","GrossWgt","IsGrossWgtEstimated","Cifvalue","Fobvalue","PrimaryValue","LegacyEstimationFlag","IsReported","IsAggregate",
"C","M","20220101","2022","1","202201","842","USA","USA","DX","Domestic Export","0","W00","World","0","W00","World","H6","HS","true","TOTAL","All Commodities","0","false","C00","TOTAL CPC","0","0","TOTAL MOT","-1","N/A","0","false","-1","N/A","0","false","0","true","0","false","0","123489839831","123489839831","4","false","true",
"C","M","20220101","2022","1","202201","842","USA","USA","M","Import","0","W00","World","0","W00","World","H6","HS","true","TOTAL","All Commodities","0","false","C00","TOTAL CPC","0","0","TOTAL MOT","-1","N/A","0","false","-1","N/A","0","false","0","false","0","false","258609442745","247951014103","258609442745","0","false","true",
"C","M","20220101","2022","1","202201","842","USA","USA","RX","Re-export","0","W00","World","0","W00","World","H6","HS","true","TOTAL","All Commodities","0","false","C00","TOTAL CPC","0","0","TOTAL MOT","-1","N/A","0","false","-1","N/A","0","false","0","false","0","false","0","23747847266","23747847266","0","false","true",
"C","M","20220101","2022","1","202201","842","USA","USA","X","Export","0","W00","World","0","W00","World","H6","HS","true","TOTAL","All Commodities","0","false","C00","TOTAL CPC","0","0","TOTAL MOT","-1","N/A","0","false","-1","N/A","0","false","0","true","0","false","0","147237687097","147237687097","4","false","true",
"C","M","20220201","2022","2","202202","842","USA","USA","DX","Domestic Export","0","W00","World","0","W00","World","H6","HS","true","TOTAL","All Commodities","0","false","C00","TOTAL CPC","0","0","TOTAL MOT","-1","N/A","0","false","-1","N/A","0","false","0","true","0","false",,"126995008285","126995008285","4","false","true",
"C","M","20220201","2022","2","202202","842","USA","USA","M","Import","0","W00","World","0","W00","World","H6","HS","true","TOTAL","All Commodities","0","false","C00","TOTAL CPC","0","0","TOTAL MOT","-1","N/A","0","false","-1","N/A","0","false","0","true","0","false","244092041467","234237113508","244092041467","4","false","true",
"C","M","20220201","2022","2","202202","842","USA","USA","RX","Re-export","0","W00","World","0","W00","World","H6","HS","true","TOTAL","All Commodities","0","false","C00","TOTAL CPC","0","0","TOTAL MOT","-1","N/A","0","false","-1","N/A","0","false",,"false","0","false",,"23608437397","23608437397","0","false","true",
"C","M","20220201","2022","2","202202","842","USA","USA","X","Export","0","W00","World","0","W00","World","H6","HS","true","TOTAL","All Commodities","0","false","C00","TOTAL CPC","0","0","TOTAL MOT","-1","N/A","0","false","-1","N/A","0","false","0","true","0","false",,"150603445682","150603445682","4","false","true",
"C","M","20220301","2022","3","202203","842","USA","USA","DX","Domestic Export","0","W00","World","0","W00","World","H6","HS","true","TOTAL","All Commodities","0","false","C00","TOTAL CPC","0","0","TOTAL MOT","-1","N/A","0","false","-1","N/A","0","false","0","true","0","false",,"151590053819","151590053819","4","false","true",
"C","M","20220301","2022","3","202203","842","USA","USA","M","Import","0","W00","World","0","W00","World","H6","HS","true","TOTAL","All Commodities","0","false","C00","TOTAL CPC","0","0","TOTAL MOT","-1","N/A","0","false","-1","N/A","0","false","0","true","0","false","308277379781","296721443692","308277379781","4","false","true",
"C","M","20220301","2022","3","202203","842","USA","USA","RX","Re-export","0","W00","World","0","W00","World","H6","HS","true","TOTAL","All Commodities","0","false","C00","TOTAL CPC","0","0","TOTAL MOT","-1","N/A","0","false","-1","N/A","0","false","0","true","0","false",,"27739038334","27739038334","4","false","true",
"C","M","20220301","2022","3","202203","842","USA","USA","X","Export","0","W00","World","0","W00","World","H6","HS","true","TOTAL","All Commodities","0","false","C00","TOTAL CPC","0","0","TOTAL MOT","-1","N/A","0","false","-1","N/A","0","false","0","true","0","false",,"179329092153","179329092153","4","false","true",
"C","M","20220401","2022","4","202204","842","USA","USA","DX","Domestic Export","0","W00","World","0","W00","World","H6","HS","true","TOTAL","All Commodities","0","false","C00","TOTAL CPC","0","0","TOTAL MOT","-1","N/A","0","false","-1","N/A","0","false","0","true","0","false","0","147688800818","147688800818","4","false","true",
"C","M","20220401","2022","4","202204","842","USA","USA","M","Import","0","W00","World","0","W00","World","H6","HS","true","TOTAL","All Commodities","0","false","C00","TOTAL CPC","0","0","TOTAL MOT","-1","N/A","0","false","-1","N/A","0","false","0","false","0","false","284165596188","272844766053","284165596188","0","false","true",
"C","M","20220401","2022","4","202204","842","USA","USA","RX","Re-export","0","W00","World","0","W00","World","H6","HS","true","TOTAL","All Commodities","0","false","C00","TOTAL CPC","0","0","TOTAL MOT","-1","N/A","0","false","-1","N/A","0","false","0","false","0","false","0","25320820828","25320820828","0","false","true",
"C","M","20220401","2022","4","202204","842","USA","USA","X","Export","0","W00","World","0","W00","World","H6","HS","true","TOTAL","All Commodities","0","false","C00","TOTAL CPC","0","0","TOTAL MOT","-1","N/A","0","false","-1","N/A","0","false","0","true","0","false","0","173009621646","173009621646","4","false","true",
"C","M","20220501","2022","5","202205","842","USA","USA","DX","Domestic Export","0","W00","World","0","W00","World","H6","HS","true","TOTAL","All Commodities","0","false","C00","TOTAL CPC","0","0","TOTAL MOT","-1","N/A","0","false","-1","N/A","0","false","0","true","0","false","0","152367121268","152367121268","4","false","true",
"C","M","20220501","2022","5","202205","842","USA","USA","M","Import","0","W00","World","0","W00","World","H6","HS","true","TOTAL","All Commodities","0","false","C00","TOTAL CPC","0","0","TOTAL MOT","-1","N/A","0","false","-1","N/A","0","false","0","false","0","false","296969899499","285144633407","296969899499","0","false","true",
"C","M","20220501","2022","5","202205","842","USA","USA","RX","Re-export","0","W00","World","0","W00","World","H6","HS","true","TOTAL","All Commodities","0","false","C00","TOTAL CPC","0","0","TOTAL MOT","-1","N/A","0","false","-1","N/A","0","false","0","false","0","false","0","25528831751","25528831751","0","false","true",
"C","M","20220501","2022","5","202205","842","USA","USA","X","Export","0","W00","World","0","W00","World","H6","HS","true","TOTAL","All Commodities","0","false","C00","TOTAL CPC","0","0","TOTAL MOT","-1","N/A","0","false","-1","N/A","0","false","0","true","0","false","0","177895953019","177895953019","4","false","true",
"C","M","20220601","2022","6","202206","842","USA","USA","DX","Domestic Export","0","W00","World","0","W00","World","H6","HS","true","TOTAL","All Commodities","0","false","C00","TOTAL CPC","0","0","TOTAL MOT","-1","N/A","0","false","-1","N/A","0","false","0","true","0","false","0","154865120757","154865120757","4","false","true",
"C","M","20220601","2022","6","202206","842","USA","USA","M","Import","0","W00","World","0","W00","World","H6","HS","true","TOTAL","All Commodities","0","false","C00","TOTAL CPC","0","0","TOTAL MOT","-1","N/A","0","false","-1","N/A","0","false","0","false","0","false","297566169845","285828766249","297566169845","0","false","true",
"C","M","20220601","2022","6","202206","842","USA","USA","RX","Re-export","0","W00","World","0","W00","World","H6","HS","true","TOTAL","All Commodities","0","false","C00","TOTAL CPC","0","0","TOTAL MOT","-1","N/A","0","false","-1","N/A","0","false","0","false","0","false","0","27646298669","27646298669","0","false","true",
"C","M","20220601","2022","6","202206","842","USA","USA","X","Export","0","W00","World","0","W00","World","H6","HS","true","TOTAL","All Commodities","0","false","C00","TOTAL CPC","0","0","TOTAL MOT","-1","N/A","0","false","-1","N/A","0","false","0","true","0","false","0","182511419426","182511419426","4","false","true",
"C","M","20220701","2022","7","202207","842","USA","USA","DX","Domestic Export","0","W00","World","0","W00","World","H6","HS","true","TOTAL","All Commodities","0","false","C00","TOTAL CPC","0","0","TOTAL MOT","-1","N/A","0","false","-1","N/A","0","false","0","true","0","false","0","147422885959","147422885959","4","false","true",
"C","M","20220701","2022","7","202207","842","USA","USA","M","Import","0","W00","World","0","W00","World","H6","HS","true","TOTAL","All Commodities","0","false","C00","TOTAL CPC","0","0","TOTAL MOT","-1","N/A","0","false","-1","N/A","0","false","0","false","0","false","282339739281","270883677306","282339739281","0","false","true",
"C","M","20220701","2022","7","202207","842","USA","USA","RX","Re-export","0","W00","World","0","W00","World","H6","HS","true","TOTAL","All Commodities","0","false","C00","TOTAL CPC","0","0","TOTAL MOT","-1","N/A","0","false","-1","N/A","0","false","0","false","0","false","0","28148955589","28148955589","0","false","true",
"C","M","20220701","2022","7","202207","842","USA","USA","X","Export","0","W00","World","0","W00","World","H6","HS","true","TOTAL","All Commodities","0","false","C00","TOTAL CPC","0","0","TOTAL MOT","-1","N/A","0","false","-1","N/A","0","false","0","true","0","false","0","175571841548","175571841548","4","false","true",
"C","M","20220801","2022","8","202208","842","USA","USA","DX","Domestic Export","0","W00","World","0","W00","World","H6","HS","true","TOTAL","All Commodities","0","false","C00","TOTAL CPC","0","0","TOTAL MOT","-1","N/A","0","false","-1","N/A","0","false","0","true","0","false","0","152784751446","152784751446","4","false","true",
"C","M","20220801","2022","8","202208","842","USA","USA","M","Import","0","W00","World","0","W00","World","H6","HS","true","TOTAL","All Commodities","0","false","C00","TOTAL CPC","0","0","TOTAL MOT","-1","N/A","0","false","-1","N/A","0","false","0","true","0","false","295382209267","283525207759","295382209267","4","false","true",
"C","M","20220801","2022","8","202208","842","USA","USA","RX","Re-export","0","W00","World","0","W00","World","H6","HS","true","TOTAL","All Commodities","0","false","C00","TOTAL CPC","0","0","TOTAL MOT","-1","N/A","0","false","-1","N/A","0","false","0","false","0","false","0","27418546356","27418546356","0","false","true",
"C","M","20220801","2022","8","202208","842","USA","USA","X","Export","0","W00","World","0","W00","World","H6","HS","true","TOTAL","All Commodities","0","false","C00","TOTAL CPC","0","0","TOTAL MOT","-1","N/A","0","false","-1","N/A","0","false","0","false","0","false","0","180203297802","180203297802","0","false","true",
"C","M","20220901","2022","9","202209","842","USA","USA","DX","Domestic Export","0","W00","World","0","W00","World","H6","HS","true","TOTAL","All Commodities","0","false","C00","TOTAL CPC","0","0","TOTAL MOT","-1","N/A","0","false","-1","N/A","0","false","0","true","0","false","0","147734333353","147734333353","4","false","true",
"C","M","20220901","2022","9","202209","842","USA","USA","M","Import","0","W00","World","0","W00","World","H6","HS","true","TOTAL","All Commodities","0","false","C00","TOTAL CPC","0","0","TOTAL MOT","-1","N/A","0","false","-1","N/A","0","false","0","false","0","false","286168135824","275187016099","286168135824","0","false","true",
"C","M","20220901","2022","9","202209","842","USA","USA","RX","Re-export","0","W00","World","0","W00","World","H6","HS","true","TOTAL","All Commodities","0","false","C00","TOTAL CPC","0","0","TOTAL MOT","-1","N/A","0","false","-1","N/A","0","false","0","false","0","false","0","28222847545","28222847545","0","false","true",
"C","M","20220901","2022","9","202209","842","USA","USA","X","Export","0","W00","World","0","W00","World","H6","HS","true","TOTAL","All Commodities","0","false","C00","TOTAL CPC","0","0","TOTAL MOT","-1","N/A","0","false","-1","N/A","0","false","0","false","0","false","0","175957180898","175957180898","0","false","true",
"C","M","20221001","2022","10","202210","842","USA","USA","DX","Domestic Export","0","W00","World","0","W00","World","H6","HS","true","TOTAL","All Commodities","0","false","C00","TOTAL CPC","0","0","TOTAL MOT","-1","N/A","0","false","-1","N/A","0","false","0","true","0","false","0","151192470987","151192470987","4","false","true",
"C","M","20221001","2022","10","202210","842","USA","USA","M","Import","0","W00","World","0","W00","World","H6","HS","true","TOTAL","All Commodities","0","false","C00","TOTAL CPC","0","0","TOTAL MOT","-1","N/A","0","false","-1","N/A","0","false","0","false","0","false","292924411317","282330800868","292924411317","0","false","true",
"C","M","20221001","2022","10","202210","842","USA","USA","RX","Re-export","0","W00","World","0","W00","World","H6","HS","true","TOTAL","All Commodities","0","false","C00","TOTAL CPC","0","0","TOTAL MOT","-1","N/A","0","false","-1","N/A","0","false","0","false","0","false","0","29157729652","29157729652","0","false","true",
"C","M","20221001","2022","10","202210","842","USA","USA","X","Export","0","W00","World","0","W00","World","H6","HS","true","TOTAL","All Commodities","0","false","C00","TOTAL CPC","0","0","TOTAL MOT","-1","N/A","0","false","-1","N/A","0","false","0","true","0","false","0","180350200639","180350200639","4","false","true",
"C","M","20221101","2022","11","202211","842","USA","USA","DX","Domestic Export","0","W00","World","0","W00","World","H6","HS","true","TOTAL","All Commodities","0","false","C00","TOTAL CPC","0","0","TOTAL MOT","-1","N/A","0","false","-1","N/A","0","false","0","true","0","false","0","143776228220","143776228220","4","false","true",
"C","M","20221101","2022","11","202211","842","USA","USA","M","Import","0","W00","World","0","W00","World","H6","HS","true","TOTAL","All Commodities","0","false","C00","TOTAL CPC","0","0","TOTAL MOT","-1","N/A","0","false","-1","N/A","0","false","0","false","0","false","265020590906","255838595071","265020590906","0","false","true",
"C","M","20221101","2022","11","202211","842","USA","USA","RX","Re-export","0","W00","World","0","W00","World","H6","HS","true","TOTAL","All Commodities","0","false","C00","TOTAL CPC","0","0","TOTAL MOT","-1","N/A","0","false","-1","N/A","0","false","0","true","0","false","0","26859177673","26859177673","4","false","true",
"C","M","20221101","2022","11","202211","842","USA","USA","X","Export","0","W00","World","0","W00","World","H6","HS","true","TOTAL","All Commodities","0","false","C00","TOTAL CPC","0","0","TOTAL MOT","-1","N/A","0","false","-1","N/A","0","false","0","true","0","false","0","170635405893","170635405893","4","false","true",
"C","M","20221201","2022","12","202212","842","USA","USA","DX","Domestic Export","0","W00","World","0","W00","World","H6","HS","true","TOTAL","All Commodities","0","false","C00","TOTAL CPC","0","0","TOTAL MOT","-1","N/A","0","false","-1","N/A","0","false","0","true","0","false","0","143904133049","143904133049","4","false","true",
"C","M","20221201","2022","12","202212","842","USA","USA","M","Import","0","W00","World","0","W00","World","H6","HS","true","TOTAL","All Commodities","0","false","C00","TOTAL CPC","0","0","TOTAL MOT","-1","N/A","0","false","-1","N/A","0","false","0","false","0","false","261386549655","252896094051","261386549655","0","false","true",
"C","M","20221201","2022","12","202212","842","USA","USA","RX","Re-export","0","W00","World","0","W00","World","H6","HS","true","TOTAL","All Commodities","0","false","C00","TOTAL CPC","0","0","TOTAL MOT","-1","N/A","0","false","-1","N/A","0","false","0","false","0","false","0","24880553879","24880553879","0","false","true",
"C","M","20221201","2022","12","202212","842","USA","USA","X","Export","0","W00","World","0","W00","World","H6","HS","true","TOTAL","All Commodities","0","false","C00","TOTAL CPC","0","0","TOTAL MOT","-1","N/A","0","false","-1","N/A","0","false","0","false","0","false","0","168784686928","168784686928","0","false","true",
