"TypeCode","FreqCode","RefPeriodId","RefYear","RefMonth","Period","ReporterCode","ReporterISO","ReporterDesc","FlowCode","FlowDesc","PartnerCode","PartnerISO","PartnerDesc","Partner2Code","Partner2ISO","Partner2Desc","ClassificationCode","ClassificationSearchCode","IsOriginalClassification","CmdCode","CmdDesc","AggrLevel","IsLeaf","CustomsCode","CustomsDesc","MosCode","MotCode","MotDesc","QtyUnitCode","QtyUnitAbbr","Qty","IsQtyEstimated","AltQtyUnitCode","AltQtyUnitAbbr","AtlQty","IsAltQtyEstimated","NetWgt","IsNetWgtEstimated","GrossWgt","IsGrossWgtEstimated","Cifvalue","Fobvalue","PrimaryValue","LegacyEstimationFlag","IsReported","IsAggregate",
"C","M","20230101","2023","1","202301","842","USA","USA","DX","Domestic Export","0","W00","World","0","W00","World","H6","HS","true","TOTAL","All Commodities","0","false","C00","TOTAL CPC","0","0","TOTAL MOT","-1","N/A","0","false","-1","N/A","0","false","0","true","0","false",,"138922845983","138922845983","4","false","true",
"C","M","20230101","2023","1","202301","842","USA","USA","M","Import","0","W00","World","0","W00","World","H6","HS","true","TOTAL","All Commodities","0","false","C00","TOTAL CPC","0","0","TOTAL MOT","-1","N/A","0","false","-1","N/A","0","false",,"false","0","false","262545905373","254035972910","262545905373","0","false","true",
"C","M","20230101","2023","1","202301","842","USA","USA","RX","Re-export","0","W00","World","0","W00","World","H6","HS","true","TOTAL","All Commodities","0","false","C00","TOTAL CPC","0","0","TOTAL MOT","-1","N/A","0","false","-1","N/A","0","false",,"false","0","false",,"26444546287","26444546287","0","false","true",
"C","M","20230101","2023","1","202301","842","USA","USA","X","Export","0","W00","World","0","W00","World","H6","HS","true","TOTAL","All Commodities","0","false","C00","TOTAL CPC","0","0","TOTAL MOT","-1","N/A","0","false","-1","N/A","0","false","0","true","0","false",,"165367392270","165367392270","4","false","true",
"C","M","20230201","2023","2","202302","842","USA","USA","DX","Domestic Export","0","W00","World","0","W00","World","H6","HS","true","TOTAL","All Commodities","0","false","C00","TOTAL CPC","0","0","TOTAL MOT","-1","N/A","0","false","-1","N/A","0","false","0","true","0","false",,"132409280001","132409280001","4","false","true",
"C","M","20230201","2023","2","202302","842","USA","USA","M","Import","0","W00","World","0","W00","World","H6","HS","true","TOTAL","All Commodities","0","false","C00","TOTAL CPC","0","0","TOTAL MOT","-1","N/A","0","false","-1","N/A","0","false",,"false","0","false","237813657846","230520610277","237813657846","0","false","true",
"C","M","20230201","2023","2","202302","842","USA","USA","RX","Re-export","0","W00","World","0","W00","World","H6","HS","true","TOTAL","All Commodities","0","false","C00","TOTAL CPC","0","0","TOTAL MOT","-1","N/A","0","false","-1","N/A","0","false",,"false","0","false",,"26494345573","26494345573","0","false","true",
"C","M","20230201","2023","2","202302","842","USA","USA","X","Export","0","W00","World","0","W00","World","H6","HS","true","TOTAL","All Commodities","0","false","C00","TOTAL CPC","0","0","TOTAL MOT","-1","N/A","0","false","-1","N/A","0","false","0","true","0","false",,"158903625574","158903625574","4","false","true",
"C","M","20230301","2023","3","202303","842","USA","USA","DX","Domestic Export","0","W00","World","0","W00","World","H6","HS","true","TOTAL","All Commodities","0","false","C00","TOTAL CPC","0","0","TOTAL MOT","-1","N/A","0","false","-1","N/A","0","false","0","true","0","false",,"154126114385","154126114385","4","false","true",
"C","M","20230301","2023","3","202303","842","USA","USA","M","Import","0","W00","World","0","W00","World","H6","HS","true","TOTAL","All Commodities","0","false","C00","TOTAL CPC","0","0","TOTAL MOT","-1","N/A","0","false","-1","N/A","0","false","0","true","0","false","270111501582","262387973081","270111501582","4","false","true",
"C","M","20230301","2023","3","202303","842","USA","USA","RX","Re-export","0","W00","World","0","W00","World","H6","HS","true","TOTAL","All Commodities","0","false","C00","TOTAL CPC","0","0","TOTAL MOT","-1","N/A","0","false","-1","N/A","0","false",,"false","0","false",,"30280936028","30280936028","0","false","true",
"C","M","20230301","2023","3","202303","842","USA","USA","X","Export","0","W00","World","0","W00","World","H6","HS","true","TOTAL","All Commodities","0","false","C00","TOTAL CPC","0","0","TOTAL MOT","-1","N/A","0","false","-1","N/A","0","false","0","true","0","false",,"184407050413","184407050413","4","false","true",
"C","M","20230401","2023","4","202304","842","USA","USA","DX","Domestic Export","0","W00","World","0","W00","World","H6","HS","true","TOTAL","All Commodities","0","false","C00","TOTAL CPC","0","0","TOTAL MOT","-1","N/A","0","false","-1","N/A","0","false","0","true","0","false",,"136644970336","136644970336","4","false","true",
"C","M","20230401","2023","4","202304","842","USA","USA","M","Import","0","W00","World","0","W00","World","H6","HS","true","TOTAL","All Commodities","0","false","C00","TOTAL CPC","0","0","TOTAL MOT","-1","N/A","0","false","-1","N/A","0","false",,"false","0","false","257496245015","250019126174","257496245015","0","false","true",
"C","M","20230401","2023","4","202304","842","USA","USA","RX","Re-export","0","W00","World","0","W00","World","H6","HS","true","TOTAL","All Commodities","0","false","C00","TOTAL CPC","0","0","TOTAL MOT","-1","N/A","0","false","-1","N/A","0","false",,"false","0","false",,"25690060501","25690060501","0","false","true",
"C","M","20230401","2023","4","202304","842","USA","USA","X","Export","0","W00","World","0","W00","World","H6","HS","true","TOTAL","All Commodities","0","false","C00","TOTAL CPC","0","0","TOTAL MOT","-1","N/A","0","false","-1","N/A","0","false","0","true","0","false",,"162335030837","162335030837","4","false","true",
"C","M","20230501","2023","5","202305","842","USA","USA","DX","Domestic Export","0","W00","World","0","W00","World","H6","HS","true","TOTAL","All Commodities","0","false","C00","TOTAL CPC","0","0","TOTAL MOT","-1","N/A","0","false","-1","N/A","0","false","0","true","0","false",,"140109275761","140109275761","4","false","true",
"C","M","20230501","2023","5","202305","842","USA","USA","M","Import","0","W00","World","0","W00","World","H6","HS","true","TOTAL","All Commodities","0","false","C00","TOTAL CPC","0","0","TOTAL MOT","-1","N/A","0","false","-1","N/A","0","false",,"false","0","false","271281227530","263710100610","271281227530","0","false","true",
"C","M","20230501","2023","5","202305","842","USA","USA","RX","Re-export","0","W00","World","0","W00","World","H6","HS","true","TOTAL","All Commodities","0","false","C00","TOTAL CPC","0","0","TOTAL MOT","-1","N/A","0","false","-1","N/A","0","false","0","true","0","false",,"26513009601","26513009601","4","false","true",
"C","M","20230501","2023","5","202305","842","USA","USA","X","Export","0","W00","World","0","W00","World","H6","HS","true","TOTAL","All Commodities","0","false","C00","TOTAL CPC","0","0","TOTAL MOT","-1","N/A","0","false","-1","N/A","0","false","0","true","0","false",,"166622285362","166622285362","4","false","true",
